name,country,latitude,longitude,phone
Shivakrupa_Hospital,India,15.7739795,74.6432376,0
Gopal_Jinagouda_Bharatesh_Hospital.Bits,India,15.8193373,74.5624391,0
Rainbow_Hospital,India,15.835354,74.503952,0
Dr.T.S.Tejaswi,India,15.8376978,74.5009168,0
Jina_Gouda_Hospital,India,15.839043,74.5265108,0
Shri_Daneshwari_Surgical_and_General_Hospital,India,15.8419855,74.518946,0
Shri_Siddhi_Vinayak_Hospital_Critical_Care_Centre,India,15.8445593,74.5197343,0
Shri_Kamakshi_Clinic,India,15.8468981,74.509707,0
Bagawadi_Eye_and_Dental_Care,India,15.8496953,74.4976741,0
Dr_Manchekar_Hospital,India,15.8514136,73.6389038,0
Shahid_Polyclinc,India,15.8576121,74.5294834,0
Bims_Hospital,India,15.867293,74.5115695,0
Belgaum_Cancer_Hospital_Pvt_Ltd,India,15.8721444,74.5255992,0
Sharada_Maternity_and_Nursing_Home,India,15.873002,74.529237,0
K.L.E.S_Hospital_and_Medical_Research_Centre,India,15.8833193,74.5199618,0
Shree_Mhatre_Hospital,India,15.888506,73.8266659,0
K.M.D.C_Hospital,India,15.9472889,74.1885825,0
Kambi_Nursing_Home,India,15.9500493,75.297485,0
Prime_Speciality_Hospital,India,15.9647156,74.0035709,0
Rajan_Hospital,India,15.9999562,73.6830521,0
Dr._Akerkar_Hospital,India,16.0049648,73.6890972,0
Zantye_Hospital_and_Maternity_Home,India,16.0591493,73.4754729,0
Dr._Mhaskar_Hospital_and_Intesive_Cardiac_Care_Unit,India,16.1058546,73.6731742,0
Masai_Medical_Foundation_Shri_Swami_Samarath_Hosp,India,16.1113174,74.2084372,0
Pattan_Shetti,India,16.122964,74.2081881,0
Mother_and_Child_Carwe_Clinic,India,16.1579793,74.8105323,0
Dr_Umarani_Ganga_Surgical_and_Fracture_Clinic,India,16.1591849,74.8156199,0
Chiranjivi_Nursing_Home,India,16.1648076,74.8205459,0
Jayaratna_Maternity_and_Laparoscopic_Surgical_Hospital,India,16.1660016,74.8209661,0
Shanta_Clinic,India,16.1676514,74.8266619,0
Kles_Hospital_And_Mrc,India,16.1689319,74.8397048,0
Vishwajyoti_Nursing_Home_and_Laproscopic_Surgical_Centre,India,16.1692435,74.83038,0
Hattarki_Hospital_and_Trauma_Center,India,16.2008538,74.35983,0
Tara_Children_Hospital_-_Gadhinglaj,India,16.2224134,74.3503162,0
Hattarki_Hospital,India,16.226445,74.3499691,0
Omkar_Medical_Charitable_Trust_Magdum_Hospital,India,16.2274405,74.3403208,0
Kattimani_Hospital_and_Nursing_Home,India,16.2328467,74.7791465,0
The_Karnataka_Health_Institute,India,16.2394587,74.7585775,0
Annapurna_Hospital,India,16.2560909,74.4830326,0
Isaac_Eye_Foundation,India,16.2564111,74.4719326,0
Aabu_Tayshete_Memorial_Hospital,India,16.2633918,73.7112551,0
Dr_Navare_Hospital,India,16.2697818,73.7078336,0
Drishit_Eye_Hospital,India,16.2753319,73.706594,0
Gargoti_Maternity_Home,India,16.3174346,74.1386767,0
Chetana_Hospital,India,16.3331873,75.2851599,0
Hosur_Hospital,India,16.3333105,75.2858208,0
Sarita_Hospital,India,16.3754203,73.3885526,0
Dr_Ar_Belagalis_Hospital,India,16.3896542,75.1107527,0
Kamal_Hospital,India,16.4256293,74.5819603,0
Bhavani_Maternity_And_Surgical_Icu,India,16.4271981,74.580689,0
Sanmeet_Hospital,India,16.4291905,74.5878546,0
Padma_Ayurvedic_Hospital_and_Research_Centre,India,16.494439,75.0523534,0
Annapurna_Clinic,India,16.4948397,74.7754222,0
Shri_Clinic_And_Meternity_Home,India,16.5043199,75.2917512,0
Gurukrupa_Nursing_Home,India,16.5066077,75.2923992,0
Kadlewad_Hospital,India,16.5089868,75.2836109,0
Ashirwad_Nursing_Home,India,16.5177012,74.9497472,0
Karmarkar_Hospital,India,16.5494405,73.6009811,0
Community_Health_Centre_Sadalga,India,16.5533172,74.5316807,0
Ganga_Hospital,India,16.5884342,74.3099863,0
Siddhagiri_Hospital,India,16.6110498,74.2643741,0
Sumitra_Hospital,India,16.6722408,74.5928201,0
Shree_Dhanwantari_Clinic,India,16.6748975,74.8916458,0
Sai_Kala_Clinic,India,16.6753913,74.2074648,0
Tamhankar_Hospital_and_Ultrasonography_Clinic_-_Kolh,India,16.6757342,74.2201167,0
Yamuna_SurgicalsIchalkaranji,India,16.682836,74.4444595,0
Chirayu_Hospital,India,16.6851944,74.24361,0
Omkar_Hospital,India,16.6866793,74.2067778,0
Deshpande_Orthopaedic_Hospital_-_Kolhapur,India,16.6899295,74.2224289,0
Shraddha_Surgical_Hospital,India,16.6900416,74.4563935,0
Nirmal_Nursing_Home,India,16.6904996,74.2221575,0
Kotkar_Hospital,India,16.6926103,74.2261864,0
Shraddha_Clinic_and_Hospital,India,16.6935559,74.2471072,0
Pragati_Netra_Rugnalaya,India,16.6938093,74.2451615,0
City_Hospital,India,16.6943622,74.2450361,0
Dhanwantri_Fracture_Orthopaedic_And_Arthroscopy_Centre,India,16.6948193,74.2444699,0
Om_Clinic,India,16.6954279,74.2217583,0
Children_Surgical_Hospital,India,16.695489,74.2447801,0
Drishti_Eye_Hospital,India,16.6956754,76.8431564,0
Shri_Siddhivinayak_Heart_Hospital,India,16.6958909,74.2422116,0
Dr.Chandrashekar_Shaligram_Eye_and_Contact_Lens_Clin,India,16.6961937,74.2427534,0
Shri_Sai_Cardiac_Center_Unit_Of_Mahalaxmi_Hrudayalaya_-_Kolhapur,India,16.6965014,74.2441815,0
Pishawikar_Hospital,India,16.6977453,74.219703,0
Drishtideep_Netraseva_Phaco_and_Eye_Care_Centre_-_Kolhapur,India,16.6977493,74.2234298,0
Saraswati_Hospital_and_Advanced_Medical_Care_Center_-_Kolhapur,India,16.6983718,74.2289376,0
Guru_Prasad_Hospital,India,16.699001,74.2171949,0
Vardhan_Children_Hospital,India,16.6999552,74.2447104,0
Chougule_Hospital,India,16.699983,74.2365526,0
Shri_Mahalaxmi_Hospital,India,16.700565,74.227722,0
Child_Hospital_and_Premature_Care_Centre_/_Niramay_Bal_Rugnalay,India,16.7008778,74.2352029,0
Parimal_Hospital,India,16.7010307,74.2297322,0
Rama_Clinic,India,16.7012492,74.2352637,0
Vasan_Eye_Care_Hospital,India,16.7027172,74.2480115,0
Patki_Hospital,India,16.7049873,74.2432527,0
Meera_Nursing_Home,India,16.7058707,74.2551595,0
Bhomaj_Hospital,India,16.706579,74.2589069,0
Jaya_Urology_Hospital,India,16.7066456,74.2340731,0
Dr_V_G_Joshi,India,16.7069621,74.45176,0
Bargale_Eye_Care,India,16.7090008,74.4560807,0
Padmashree_Dr_D_Y_Patil_Hospital_and_Research_Insti,India,16.7101043,74.2509458,0
Kelavkar_Medical_Centre_And_Critical_Care_Unit,India,16.7101611,74.2434081,0
Lotus_Hospital_and_Research_Centre,India,16.7109565,74.2310706,0
Apple_Saraswati_Multispeciality_Hospital,India,16.7161027,74.2523614,0
Netra_Sanjivni_Unit_Jaysingpur,India,16.7295169,74.4845018,0
Prachi_Hospital,India,16.7496196,74.4229895,0
Shree_Datta_Shetkari_Sahakari_Sakhar_Karkhana_Ltd,India,16.751121,74.5887991,0
Ganesh_Hospital,India,16.7708626,74.5539519,0
Birnale_Hospital,India,16.7812047,74.5523643,0
Yashwant_Dharmartha_Ayurvedic_Rugnalay,India,16.8106871,74.1181234,0
Shree_Poly_Clinic_and_Manakapure_Hospital,India,16.823421,74.5959735,0
Alamin_Mc_and_Hospital,India,16.8283219,75.6859428,0
Ent_Hospital_Dr._Balashed_Patil,India,16.8294965,74.6385793,0
CHC_Usoor,India,16.8301708,75.710031,0
Sainik_G.R._Memorial_Hospital,India,16.8316457,74.6438401,0
Kembhavi_Eye_and_Dental_Hospital,India,16.831771,75.7112068,0
Raghunathrao_Nimbalkar_Memorial_Hospital,India,16.8356269,74.3113931,0
Kulkarni_Heart_Hospital,India,16.837951,74.5682354,0
M/S.Mudanur_Multispeciality_Hospital,India,16.8403052,75.7160637,0
Shree_Medical_Nursing_Home,India,16.8407826,74.5639858,0
Vaatsalya_Hospital_-_Bijapur,India,16.8451764,75.7094116,0
Dr_Ashok_Patil_Clinic,India,16.8453567,74.6019776,0
Susheel_Maternity_And_Gynaecological_Hospital,India,16.8467303,74.6006306,0
The_Wanless_Hospital,India,16.8523973,74.5814773,0
Shri_Balvantrao_Birnale_Memorial_Hospital,India,16.8535825,74.5773208,0
Sharddha_Surgical_And_Accident_Hospital,India,16.8535993,74.5722213,0
Narayan_Medical_Nursing_Home,India,16.8551,74.572,0
Paramashetti_Hospital,India,16.8553,74.5723,0
Pandit_Dindal_Hospital_and_Daignostic_Center,India,16.8559112,73.541744,0
Bhargava_Heart_Hospital_and_Intensive_Care_Unit,India,16.8922136,74.5880598,0
Om_Swaroop_Hospital,India,16.9101458,73.9462689,0
Gharda_Med_Foundation_Hosp,India,16.990215,73.3120233,0
Loknete_Rajarambapu_Patil_Hospital_And_Research_Ce,India,17.0265067,74.3743435,0
Tara_Hospital,India,17.0365749,74.6053916,0
Asha_Maternity_Children_S_Hospital,India,17.047761,74.2625418,0
Yash_Madhu_Hospital,India,17.0488981,75.2212873,0
Umrani_Hospital_and_Icu_Centre,India,17.0557425,74.2634159,0
Matumandir_Hospital,India,17.0686039,73.6241855,0
Dr_Patil_Hospital,India,17.0706662,75.2270698,0
Sou._Radhabai_Maternity_Maternity_Hospital_Trust,India,17.0854162,74.421785,0
Shashi_Clinic,India,17.097643,74.4496317,0
Krishna_Hospital_and_Medical_Research_Center_Karad,India,17.2377541,73.9580246,0
Shree_Sai_Hospital,India,17.2751726,74.5357127,0
Rajyog_Hospital_[Karad],India,17.2753467,74.1834458,0
Rajyog_Hospital,India,17.2759841,74.2003231,0
City_Medical_Centre_Karad,India,17.2791315,74.182563,0
Sharada_Clinic,India,17.2837224,74.1805104,0
Pawar_Surgical_Hospital,India,17.2849281,74.1824787,0
Patil_Hospital_[Karad],India,17.2887115,74.1845465,0
Shree_Icu_and_Mrc_Pvt_Ltd_Karad,India,17.2913904,74.1829555,0
Dhanvantari_Hospital,India,17.3005036,76.8173075,0
Rajashree_Hosptail,India,17.3088979,74.2143068,0
Siddaganga_Hospital,India,17.3229328,76.821894,0
Avinash_Shah_Memorial_Multispeciality_Hospital_and_Research_Centre,India,17.3242617,76.86484,0
Devika_Maternity_Home_and_Ivf_Centre,India,17.3275734,76.8565879,0
Banale_Hospital,India,17.329731,76.8342957,0
L_M_Care_Maternity_and_General_Hospital,India,17.3330633,76.8591211,0
Sadguru_Hospital_and_Medical_Institute_Pvt_Ltd_[Patan],India,17.374871,73.8962757,0
Pioneer_Hospital,India,17.3969458,74.093988,0
Dr.Kelkar_Maternity_Home_and_Paediatic_Hospital,India,17.4340512,75.1953934,0
Shrinand_Balrugnalaya,India,17.4357941,75.1888022,0
Jeevan_Jyot_Rugnalaya_[Satara],India,17.5011247,73.9796512,0
Narmada_Hospital,India,17.50726,75.439776,0
Mukund_Anna_Jadhav_Hospital_and_Reserch_Center,India,17.5172097,73.5472055,0
Medical_Supritendent_Rural_Hospital,India,17.5242162,76.2054416,0
Patankar_Nursing_Home,India,17.5248963,73.5306489,0
Parkar_Hospital,India,17.5260425,73.5203923,0
Janata_Hospital,India,17.5308446,73.5158887,0
Dr_Gokhales_Janata_Hospital,India,17.5323106,73.5177928,0
Mauli_Hospital_Rahimatpur,India,17.5904097,74.1988555,0
Navjeevan_Hospital_[Vaduj],India,17.5983422,74.4523847,0
Dr_Kadam_Surgical_Hospital,India,17.6030376,75.390148,0
Shree_Surgical_Hospital_[Vaduj],India,17.6076372,74.4521479,0
Abhiwadan_Hospital,India,17.6258216,74.4543101,0
Shreyash_Hospital,India,17.6287392,75.9143867,0
Raut_Nursing_Home,India,17.6363164,74.7880109,0
Raghvendra_Hospital,India,17.6408371,75.8985544,0
Savaskar_Nursing_Home,India,17.6428208,75.9200629,0
Raghuvendra_Hospital,India,17.6452056,75.9007677,0
Accident_and_Maternity_Hospital,India,17.6599188,75.9063906,0
Ashwini_Sahakari_Rugnaylay,India,17.6625542,75.908528,0
Dr._BasutkarS_Gaurav_Plastic_Surgery_-_Maternity_Hospital,India,17.6651108,75.8986612,0
Jyothi_Nursing_Home,India,17.6651796,75.8970483,08251246975
Matoshri_General_and_Maternity_Hospital,India,17.6654636,74.3616798,0
Balwant_Institute_Of_Neurosurgery_And_Intensive_T,India,17.6656707,75.9072575,0
Dr_Dipak_Achalare,India,17.6675629,75.3124285,0
Borade_Clinic,India,17.6685368,75.8971332,0
Medicare_I.Cu._Pandharpur,India,17.6693546,75.3409001,0
Shri_Ganapati_Hospital_and_Netralaya-Pandharpur,India,17.6696709,75.3164374,0
Dhanvantri_Nursing_Home,India,17.6699361,75.8812025,0
Cottage_Hospital,India,17.6745535,75.3237262,0
Vinayak_Maternity_And_Nursing_Home,India,17.6745656,75.9087491,0
Dr_Birajdar_Hospital,India,17.675093,75.8955113,0
Shree_Criti_Care_Unit,India,17.6784981,75.328914,0
Varad_Children_Hospital,India,17.678773,73.9889896,0
Dr_Kandalgaonkar_Eye_Hospital,India,17.6804639,74.018261,0
Samarth_Hospitals_Pvt_Ltd,India,17.6806988,73.9817552,0
Sanchit_Accident_And_Maternity_Hospital,India,17.68087,74.0126036,0
Shri_Ram_Hospital,India,17.6837861,73.998499,0
Bhosale_Netra_Rugnalaya_[Satara],India,17.6846523,74.016792,0
Girija_Neurosurgical_Icu_and_Hospital[Satara],India,17.6847964,73.9925526,0
Meenakshi_Hospital_[Satara],India,17.6875811,74.0456142,0
Dr_M_N_Agashe_Charitable_Hospital_and_Maternity_Home_Satara,India,17.6879608,73.9874105,0
Radhika_Nursing_Home,India,17.6894983,74.0145886,0
Chiryu_Childran_Hospital_and_Research_Center,India,17.6908169,73.9969229,0
Vaishnavi_Hospital,India,17.691496,73.998881,0
Symbiosis_Hospital_And_Research_Centre_Pvt._Ltd.,India,17.6922546,74.0078977,0
Pooja_Nursing_Home,India,17.6925494,74.1701227,0
Dhananjay_Hospital_And_Research_Centre_Koregaon,India,17.6926214,74.0919536,0
Jeevandhara_Hospital,India,17.693589,74.0094172,0
Mangalmurti_Hospital,India,17.7000314,73.9855774,0
Shree_Datta_Hospital_[Khatav],India,17.7031208,74.5433988,0
Bhagawati_Netralaya,India,17.7195516,73.3968136,0
Bhatkar_Hospital_-_Dapoli-Ratnagiri,India,17.753112,73.1880618,0
Dr.Chopwalikar_Eye_Hospital,India,17.784371,73.1851121,0
Lokhande_Baburao_Patil_Hospital,India,17.802867,75.6454727,0
Kanade_Hopital,India,17.8154954,76.2416351,0
Tawshikar_Hospital,India,17.8349761,76.624771,0
Shedge_Hospital,India,17.8397675,76.6222433,0
Siddhanath_Hospital_and_Research_Center_[Phaltan],India,17.8461781,74.6435913,0
Suryawanshi_Trauma_and_Rehabilitation_Centre,India,17.8632547,74.9054785,0
Palawe_Hospital,India,17.8797159,74.5902635,0
Sonia_Clinic_and_Saidutta_Hospital,India,17.9439732,73.8904385,0
Navjeewan_Hospital_[Wai],India,17.9471204,73.8904198,0
W.F.P_Memorial_Hospital,India,17.9486823,73.8918897,0
Ghotavadekar_Hospital_And_Sanchit_Icu,India,17.9532779,73.886745,0
Chintamani_Eye_and_Dental_Clinic,India,17.9559945,73.8933596,0
Care_and_Cure_Clinic,India,17.9751977,74.993124,0
Sushrut_Hospital_[Phaltan],India,17.9819296,74.4309013,0
Chirjeevan_Hospital_and_Research_Center,India,17.9828457,74.4333434,0
Adsool_Hospital_[Phaltan],India,17.9842312,74.431312,0
Dr._Nikam_Patil_Hospital,India,17.9844507,74.4360424,0
Arundhati_Nursing_Home,India,17.986525,74.4248211,0
Ashwini_Maternity_and_Nursing_Home,India,17.9876444,73.2632672,0
Makhane_Hospital,India,17.9885116,76.3260992,0
Dhumal_Maternity_and_Surgical_Hospital_[Phaltan],India,17.9892133,74.4305792,0
Ankur_Hospital_[Phaltan],India,17.9898128,74.4341996,0
Janki_Hospital,India,18.010037,76.0710681,0
Bahubali_Hospital,India,18.0339662,75.5160676,0
Mourya_Hospital,India,18.041706,74.1861821,0
Dhanvantary_Hospital_-_Rsby,India,18.0556093,74.4848003,0
Mahad_Nursing_Home,India,18.0820208,73.422441,0
Madhav_Smruti_Hospital,India,18.0840117,75.423237,0
New_Ashirwad_Rugnalaya,India,18.0910025,75.4065475,0
Santosh_Hospital_Maternity_and_Nursing_Home,India,18.0963477,75.4221007,0
Magar_Accident_and_Eye_Hospital.,India,18.1140272,75.0319086,0
Shri_Ram_Hospital_-_Rsby,India,18.1260908,74.3880929,0
Ojas_Ent_and_Dental_Clinic,India,18.1268043,75.0271934,0
Giri_Raj_Hospital_and_Intensive_Care_Unit,India,18.1435037,74.5737416,0
Burande_Hospital,India,18.1458199,73.8429847,0
Sunjeevan_Nursng_Home,India,18.1483143,74.5739472,0
Kamal_Drishti_Eye_Center,India,18.1486231,74.574795,0
Niramay_Medical_Foundation_and_Research_Centre_Pvt._Ltd.,India,18.1547039,74.5806179,0
Bombay_Nursing_Home_and_Polyclinic,India,18.1554758,73.2967848,0
Shripal_Hospital,India,18.1578373,74.5680226,0
Thorat_Accident_and_Maternity_Hospital,India,18.1635845,74.9612717,0
Atole_Accident_Hospital,India,18.1661487,74.5970527,0
Mamta_Clinic_and_Nursing_Home,India,18.1841352,74.6107628,0
Akshay_Hospital,India,18.1860659,76.0419409,0
Kazi_Hospital,India,18.1898221,76.0435425,0
Keshavraj_Hospital,India,18.1918723,76.0470458,0
Swami_Hospital,India,18.1939184,76.0352018,0
Barsi_Maternity_and_General_Hospital,India,18.2333856,75.6941478,0
Dr._Vaidya_Eye_Hospital,India,18.2362513,73.2840735,0
Dr._Mainkar_Hospital,India,18.3520712,74.0329499,0
Barmade_Hospital,India,18.3871437,76.560489,0
Shushila_Hospital_Latur,India,18.3911689,76.5615835,0
Chiranjeev_Hospital,India,18.3929816,76.5621438,0
Gojamgunde_Hospital,India,18.3940016,76.5814921,0
Vivekanand_Hospital_Latur,India,18.3961023,76.5708578,0
Aziza_Memorial_Hospital_and_Research_Centre,India,18.3979679,76.5537105,0
Sai_Neonatal_And_Pediatric_Hospital_And_Icu,India,18.3981572,76.5706375,0
Dr_Sb_Gugale_Memorial_Hospital,India,18.3987126,76.2205473,0
Lokmanya_Medical_Foundation_and_Research_Centre_Pvt,India,18.3995628,76.5728198,0
Tuljai_Hosital,India,18.401665,76.5596387,0
Dr._Patil_Balrugnalaya_and_Maternity_Home,India,18.4028716,76.2399495,0
Dr_Whatkar_Hospital,India,18.4044833,75.1953934,0
Alpha_Superspeciality_Hospital,India,18.4050333,76.564311,0
Mandade_Womens_Hospital,India,18.40819,76.5383812,0
M._J._Hospital_-_Latur,India,18.408495,76.5410607,0
Nilangekar_Hospital,India,18.4087934,76.5603828,0
Comprehensive_Rural_Health_Project,India,18.4128194,75.1967746,0
Prabhavati_Multi_Speciality_Hospital_and_Research_Center,India,18.4181476,76.5705762,0
Maeer_Punes_Yashwantrao_Chavan_Rural_Hospital,India,18.4349347,76.5766749,0
Swasthya_Hospital,India,18.4360474,74.464639,0
Amrita_Nursing_Home,India,18.4371649,73.1312725,0
Dr_Jadhav_Nursing_Home,India,18.4389511,73.1167514,0
Sri_Srinivasa_Hospital,India,18.4451474,73.855663,04024530557
Arogya_Mandir_Hospital_And_Maternity_Home,India,18.4483516,74.4086069,0
Jaykar_Accident_Fracture_Hospital,India,18.4568215,74.580923,0
Bvmfs_Bharti_Hospital_and_Research_Center,India,18.457314,73.852319,0
Nityanand_Rehabilitation_and_Residential_Mental_Heal,India,18.4575324,73.8677464,0
Baravkar_Hospital,India,18.4592892,74.5873348,0
Girija_Rugnalya,India,18.4608782,75.6586295,0
Vora_Multispeciality_Dental_Clinic_And_Implant_Centre,India,18.4609513,73.8693561,0
Yogeshwari_Hospital_and_I_C_U,India,18.4610303,74.5822095,0
Sinhagad_Hospital_Pvt._Ltd._Md_Kings_Multi_Speciality_Hospital.,India,18.4615757,73.8169099,0
Bharati_Hospital_And_Research_Center,India,18.462123,73.8582062,0
Dr_Patwardhan_Hospital,India,18.4650919,73.8553898,0
Spandan_Children_Hospital,India,18.4655611,73.8598476,0
Shatayu_Hospital,India,18.4657633,73.862644,0
Shrendkar_Healthcare_and_Hospitality_Services_Private_Limited,India,18.4660941,73.8168021,0
Sayali_Nursing_Home,India,18.4662047,73.7822782,0
Apoorva_Diagnostic_Centre,India,18.4713653,73.8661598,0
Shivam_Hospital,India,18.4726725,73.9784573,0
Shree_Sai_Retina_And_Eye_Care_Center_-_Pune,India,18.4745833,73.8221167,0
Madhukar_General_Hospital,India,18.4751062,73.8224587,0
Shinde_Hospital,India,18.4752603,73.9577445,0
Dr._Dakes_Institute_For_Sight,India,18.4762533,73.830703,0
Dr_Sarwat_Hospital,India,18.4770906,73.8906869,0
Dr._Ashok_Parakh,India,18.4775848,73.8572817,0
Bhandari_Maternity_and_Nursing_Home,India,18.4777968,73.8213213,0
Sangam_Hospital,India,18.478107,73.8612322,0
Samarth_Hospital-_Pune,India,18.478897,73.853864,0
Harsh_Hospital,India,18.4807063,73.8674808,0
Suraj_Hospital,India,18.482214,73.894429,0
Chinchanikar_Hospital,India,18.4828427,73.8271901,0
Smiles_Dental_Speciality_and_Implant_Centre,India,18.4828904,73.9016832,0
Dr_Marathe_Hospital_-_Rsby,India,18.4850053,74.0711359,0
Grant_Medical_Foundation_Ruby_Hall_Clinic_-_Wanowarie_-_Pune,India,18.4858699,73.9058534,0
Chaitanya_Centre_For_Psychological_Help,India,18.4864727,73.796834,0
Lodha_Hospital,India,18.4869119,73.7994922,0
Nisargopchar_Gramsudhar_Trust,India,18.4874257,74.1333715,0
Gultekdi_Nursing_and_Maternity_Home,India,18.4876541,73.8683697,0
Anand_Medical_Foundation_Subudh_Hospital,India,18.4893244,73.8679694,0
Dental_Clinic,India,18.4897587,73.8202962,0
Dr.Prakash_Katariya_Laser_Cure,India,18.4904527,73.9587593,0
Dugad_Hospital_Pvt_Ltd,India,18.4910978,73.8581298,0
Poona_Laser_Center,India,18.4913365,73.8183358,0
Khenat_Hospital_and_Maternity_Home,India,18.4914674,73.8253649,0
Biniwale_Clinic,India,18.4920458,74.0234863,0
Spandan_Hospital_and_Research_Center,India,18.4921392,73.8572588,0
Indumati_Diabetic_And_Heart_Care_Centre,India,18.493572,73.85172,0
Zore_Bal_Hospital,India,18.4938165,73.8517328,0
Kamal_Netra_Rugnalaya,India,18.4950677,73.8122717,0
Deoyani_Hospital_-_Pune,India,18.4956151,73.8110279,0
Ankur_Hospital_and_Diagnostic,India,18.4957425,73.8611312,0
Shahade_Hospital,India,18.497768,73.8534729,0
Siddheshwar_Multispeciality_Hospital_Pvt._Ltd._-_Solapur,India,18.498007,73.8136979,0
Dr._Khokhani_Eye_Hospital,India,18.4983088,73.8134181,0
Aargyam_Multi_Speciality_Clinical_Care,India,18.4988374,73.9508249,0
Sai_Sneh_Hospital,India,18.4988776,73.8572059,0
Sharda_Clinic,India,18.501036,73.8668409,0
Pirangut_General_Hospital,India,18.5010536,73.5137654,0
Nayan_Tara_Eye_Clinic,India,18.5011479,73.825324,0
Poojan_Children_Hospital_and_Neonetal_Centre,India,18.5013128,73.9301982,0
Dr._Patankar_Medical_Foundation,India,18.5014304,73.8529332,0
Navjeewan_Hospital,India,18.50192,73.931769,0
Sai_Diagnostic_Center,India,18.5019469,73.8662917,0
Subudh_Hospital_and_Research_Center,India,18.5021416,73.8134371,0
Marathe_Nursing_Home,India,18.5038253,73.8188339,0
Fatima_Convent_Sahyadri_Clinic,India,18.5042104,73.9014439,0
Kausalya_Hospital,India,18.5043882,73.9199564,0
Deenanath_Mangeshkar_Hospital_and_Research_Centre,India,18.5046033,73.8354133,0
Mantri_Hospital,India,18.5046079,73.8374929,0
Jeevan_Sadhana_Clinic_-_Pune,India,18.5049441,73.825292,0
Noble_Hospital_Pvt_Ltd,India,18.504991,73.9272,0
Kothrud_Eye_Clinic,India,18.5050171,73.7654974,0
Sane_Guruji_Arogya_Kendra,India,18.5053012,73.9389213,0
Suryaprabha_Nursing_Home,India,18.5062206,73.8088221,0
Nalawade_Hospital,India,18.5065751,73.9586957,0
Chinmay_Institute_Of_Paediatrics,India,18.506821,73.840436,0
Ramchandra_Day_Care_Centre,India,18.5068375,73.8517363,0
Sunny_Nursing_Home,India,18.5073985,73.8076504,0
Swayam_Clinic_Pvt._Ltd.,India,18.5076406,73.8760505,0
Sanjeevan_Hospital,India,18.5076495,73.8295031,0
Harmony_Health_Services,India,18.507836,73.826545,0
Mawsumi_Hospital_and_Research_Center,India,18.5081985,73.7959566,0
Umarji_Hospital,India,18.5083204,73.8567002,0
Vibhute_Hospital,India,18.5083218,73.8465648,0
Borse_Hospital,India,18.5084726,73.7913104,0
Deenanath_mangeshkar_Hospital,India,18.5085936,73.831721,0
Abane_Hospital,India,18.5089197,73.9260261,0
Pune_Diagnostic_Center,India,18.5090808,73.8730012,0
Jog_Hospital,India,18.5091826,73.8216789,0
Dr.Pawar_Eye_Hospital,India,18.5091948,73.8449233,0
Ram_Krishna_Hospital,India,18.509464,73.8482429,0
Manoj_Clinic_/_Gore_Hospital,India,18.5097622,73.8495203,0
Dr_Sanjeev_Sharad_Chandra_Gokhale,India,18.5104908,73.8461842,0
Medilaser_Eye_Clinic_-_Pune,India,18.5106223,73.817676,0
Vinayak_Netralaya_-_Pune,India,18.5108454,73.8182008,0
Karishma_Speciality_and_Diagnostic_Centre,India,18.5120938,73.8793617,0
Dr_Meenu_Agarwal_Clinic,India,18.5122306,73.88601,0
Moraya_Hospital,India,18.5129229,74.3997976,0
Panchsheel_Hospital,India,18.51443,73.869031,0
Desai_Hospital_andHeart_Center,India,18.5162568,73.8307428,0
Ashakiran_Hospital,India,18.5164168,73.8536823,0
Deshpande_Eye_Clinic,India,18.5164192,73.8505103,0
Dr_Valhavankar_Eye_Clinic_and_Speciality_Hos,India,18.5166153,73.8516306,0
Shreeyash_Hospital,India,18.5175566,73.84166,0
Accurate_Diagnostics_Pvt_Ltd,India,18.518329,73.8406428,0
Dr._Karve_Childrens_Hospital,India,18.5186146,73.8446565,0
Shri_Samarth_Hospital,India,18.5186996,73.8681144,0
Sau_Sindhutai_Raut_Memorial_Surgicentre,India,18.5189487,73.8777207,0
Rukad_Fracture_Accident_and_Orthopaedic_Hospital,India,18.5194124,73.8661552,0
Patil_Eye_Clinic,India,18.5194431,73.8519356,0
King_Edward_Memorial_Hospital_Kem_Hospital,India,18.519888,73.867026,0
Shreenath_Hospital,India,18.5203044,73.9067552,0
Pawna_Hospital,India,18.5204303,73.8567437,0
Centre_For_Laproscopy_Surgery,India,18.5215001,73.8430316,0
H._V._Desai_Eye_Hospital_/_Pbma_H.V.Desai_Eye_Hospital,India,18.5221806,73.9683289,0
Dr_Todkar_Hospital,India,18.5225987,73.8631581,0
Infedis_Diagnostic_Center,India,18.5228706,73.8674907,0
Baddur_Clinic,India,18.5240566,73.8646945,0
Wagh_Eye_Clinic,India,18.5240989,73.8447579,0
Z_Y_-_Vision,India,18.5247368,73.8408476,0
Nandadeep_Hospital,India,18.525484,73.8418577,0
B.J.Medical_College_and_Sassoon_Hospital,India,18.527306,73.873153,0
Ratna_Memorial_Hospital,India,18.5273647,73.8299115,0
Ruby_Hall_Clinic,India,18.5276554,73.8748181,0
R.M._Dhariwal_Foundations_Matoshree_Madanbai_Dhariwal_Hospital,India,18.5282786,73.8470523,0
Bhide_Clinic,India,18.5287035,73.8500284,0
Sancheti_Institute_for_Orthopedic_and_Rehabilitation,India,18.5297988,73.8386901,0
Jehangir_Hospital,India,18.5302599,73.876847,0
Sancheti_Institute_For_Orthopaedics_and_Rehabilitation,India,18.5304995,73.8520486,0
Mmf-Joshi_Hospital,India,18.5308225,73.8474647,0
Punarvasu_Chikitsalaya,India,18.5324846,73.8374954,0
Sancheti_Institute_For_Orthopedics_And_Rehabilitation,India,18.5327435,73.8492515,0
Inlaks_Budhrani_Hospital,India,18.534261,73.88542,0
Joglekar_Hospital,India,18.5344591,73.834541,0
Seth_Ramdas_Shah_Memorial_Hospital_.,India,18.5347694,73.8294889,0
S._K._Lithotripsy_Centre_-_Pune,India,18.5349889,73.8761798,0
Parkar_Hospital_and_Research_Institute_Pvt_Ltd,India,18.5372874,73.8717109,0
Bhagawant_Hospital,India,18.5407045,75.7734862,0
Prakash_Netralaya,India,18.5425266,73.790782,0
Vitalife_Clinic,India,18.542673,73.7896728,0
Jeevan_Deep_Medicare_Centre,India,18.5430129,73.7844221,0
K.E.M._Hospital,India,18.5454274,73.8855605,0
Vinayak_Hospital,India,18.5484975,73.7733572,0
Columbia_Asia_Hospital_Pune,India,18.5492705,73.9368257,0
Seva_Hospital_and_Maternity_Home,India,18.5494244,73.9148476,0
CGHS_Dispensary_No.5,India,18.5504471,73.820586,0
Kataria_Hospital,India,18.5521138,73.8964601,0
Rutu_Anand_Hospital,India,18.5527212,73.8896445,0
Amit_Hospital,India,18.5528779,73.8796368,0
Shree_Hospital_Mansion,India,18.5533266,73.8990293,0
Diagnopoint_Polyclinic_and_Diagnostic,India,18.5551442,73.9062243,0
Lunkad_Hospital,India,18.5572314,73.7750253,0
Salunke_Hospital,India,18.5572414,73.9252534,0
Disha_Diagnostic_Center,India,18.558007,73.8075201,0
Nikhil_Polyclinic,India,18.5604846,73.8956575,0
Kotbagi_Hospital,India,18.5621228,73.8050191,0
Adarsh_Nursing_Home,India,18.5628913,73.9367606,0
Astha_Hospital,India,18.5629021,76.0330259,0
Prathmesh_Hospital,India,18.5635511,73.9325552,0
G_K_Orthopaedic_Hospital,India,18.5643075,73.8836207,0
Shaswat_Hospital,India,18.5644768,73.8129974,0
Om_Prasuti_Graha,India,18.5649544,73.8876896,0
Rakshak_Hospital,India,18.5661226,73.9461312,0
Apple_Dentl_Clinic,India,18.567929,73.9143179,0
Naik_Hospital,India,18.5681066,73.8508887,0
K_V_M_Mutispeciality_Hospital,India,18.5691128,73.7701993,0
Dr._Kiwalkars_Medicare_Centre,India,18.5718751,73.8788907,0
Kedarnath_General_Hospital,India,18.5726054,73.8782079,0
Prathamesh_Hospital,India,18.5734987,73.818878,0
Siddhi_Health_Care_Center,India,18.5894736,73.8119573,0
Pushpak_Hospital_[Koregaon],India,18.5945763,73.8970344,0
Bindu_Nursing_Home,India,18.5977841,73.8143365,0
Lifepoint_Multispeciality_Hospital,India,18.5989428,73.7652715,0
Polaris_Health_Care,India,18.6029022,73.7645568,0
Ushakiran_Eye_Hospital,India,18.6141133,73.7726814,0
Aditya_Birla_Memorial_Hospital,India,18.615727,73.7656094,0
Pritam_Hospital,India,18.6162182,73.8487527,0
Kaushal_Hospital,India,18.6191874,73.7976431,0
Saidham_Hospital,India,18.6195835,73.8501883,0
Sainath_Orthopaedic_Hospital,India,18.6207784,73.8505578,0
Medlife_Multispeciality_Hospital_and_Icu,India,18.6214616,73.7917933,0
Mankikar_Hospital_For_Children_and_Lab,India,18.6218553,73.8508352,0
Shri_Sai_Multi_Speciality_Hospital,India,18.622621,73.859354,0
Amrut_Hospital,India,18.6239079,73.8124984,0
Pimpri_Chinchwad_Pcip_Institute_Of_Paediatrics,India,18.6246689,73.8041538,0
Dr_Raskar_Eye_Hospital,India,18.6268308,73.8640059,0
Chandulal_Chandrakar_Memorial_Hospital,India,18.6281168,73.8071754,0
Pataskar_Hospital,India,18.6286266,73.8518209,0
Anjali_Hospital,India,18.6297811,73.7997094,0
Ashwini_Nursing_Home,India,18.6308433,73.8253687,0
Avanti_Nursing_Home,India,18.6333109,73.8066901,0
Prem_Clinic_and_Hospital,India,18.6333643,73.8058199,0
Kusum_Memorial_Hospital,India,18.634178,73.787352,0
Global_Hospital_and_Research_Institute,India,18.6352548,73.5667744,0
Paras_Polyclinic_and_General_Hospital,India,18.6363761,73.777192,0
Desai_Accident_and_General_Hospital,India,18.63671,73.769192,0
Medicure_Hospital,India,18.6395989,73.8344614,0
Lohade_Hospital,India,18.6417909,73.7961718,0
Varma_Ortho_-_Surgical_Centre,India,18.6436478,73.7570787,0
Mayur_Hospital,India,18.6456989,73.7970801,0
Kabre_Orthopedic_Spine_and_Dental_Center,India,18.645919,73.800734,0
Dhamankar_Clinic,India,18.6461783,72.875917,0
Mahashtra_Dialysis_Services_Pvt_Ltd,India,18.6470187,73.8047339,0
Dr_Makan_Surgical_Maternity_And_Accident_Hospital,India,18.6473329,73.7766373,0
Samarth_Orthopaedic_Hospital,India,18.6477909,72.8787783,0
Jayashree_Hospital,India,18.6481648,72.8818243,0
Dr.Kumthekars_Eye_Hospital,India,18.6484409,72.8819704,0
Anand_Hospital_Managed_By_Foresight_Hospital,India,18.6485756,73.7647023,0
Sainath_Hospital,India,18.6501684,73.8503667,0
Patil_Hospital_General_and_Eye_Hospital,India,18.6504839,73.7785786,0
Ranna_Danappa_Nursing_Home,India,18.6516718,73.8428592,0
Tiwari_Surgical_Clinic,India,18.6528079,72.8710249,0
Om_Ent_Hospital,India,18.6536683,73.8101792,0
Shrikhande_Clinic,India,18.6543833,73.7667344,0
Dr_Vaje_Nursing_Home,India,18.6553938,72.8670819,0
Dhanwantari_Hospital,India,18.6557419,73.7735328,0
Lokmanya_Hospital_Pvt_Ltd,India,18.6566144,73.7744601,0
Anandi_Maternity_and_Child_Hospital,India,18.6584467,72.8766554,0
Chetana_Hospital_Pune,India,18.6601954,73.7972413,0
Dhamdhere_Hospital,India,18.6647409,74.1084322,0
Ashwini_Hospital_and_Endoscopy_Centre,India,18.6670485,73.7885764,0
Shri_Sai_Hospital,India,18.6783977,73.8992014,0
Bansal_Hospital,India,18.6806652,73.7313697,0
Sanjeevani_Hospital,India,18.6817174,73.7249842,0
Matoshri_Hospital.,India,18.6825338,73.7320188,0
Maval_Hospital.,India,18.7281047,73.6538005,0
The_Mahajan_Nursing_Home,India,18.7298687,73.0927946,0
Soham_Hospital,India,18.7301684,73.0921755,0
Harneswar_Clinic,India,18.7317333,73.6711454,0
Dhanwantari_Clinic_and_Prasutalaya,India,18.734888,73.0966019,0
Sonkamal_Orthopedic_Hospital,India,18.7381403,73.6389038,0
Sanket_Eye_Clinic,India,18.7391977,73.6830521,0
Sitamai_Rugnalay,India,18.7437868,73.1028732,0
Dr_Kedare_Hospital-_Rsby,India,18.7454087,73.8507279,0
Fortis_Hiranandani_Hospital,India,18.7501386,73.0420662,0
Akshay_Medical_Foundation_Lonavla,India,18.7546171,73.4062342,0
Durvankur_Hospital,India,18.7552418,73.8538519,0
Yash_Hospital_Lonavala,India,18.7575255,73.422441,0
Core_Hospital,India,18.7602664,73.8630346,0
Saiseva_Hospital,India,18.7617858,73.8602751,0
Argade_Hospital_and_Maternity_Home,India,18.762951,73.861252,0
Ashwini_Hospital,India,18.7692034,73.3767641,0
Dhirubhai_Ambani_Hospital_/_Reliance_Hospital,India,18.7693415,73.4042644,0
Dr_Dongare_Clinic,India,18.7889974,73.3413948,0
Nityaseva_Hospital,India,18.8259051,74.3752419,0
Shri_Krishna_Hospital,India,18.8272478,74.3730083,0
Langhe_Hospital_-_Rsby,India,18.8298159,74.1355267,0
Palvi_Hospital,India,18.8503201,72.9557097,0
The_Bombay_Mothers_and_Children_Welfare_Society,India,18.8550308,73.8874991,0
Dr._Babres_Hospital,India,18.8772346,72.9283391,0
Dr_Lawande_Hospital,India,18.8788642,75.626628,0
Taneja_Clinic,India,18.8796649,72.9427347,0
Dr_A_Tungekars_Hospital_Uran,India,18.8797841,72.9398358,0
Shree_Sai_Shraddha_Hospital_-_Rsby,India,18.8887615,74.0711359,0
Padmshree_Hospital,India,18.8938689,73.1836372,0
Inhs_Asvini,India,18.9002475,72.8152995,0
Kataria_Eye_Clinic,India,18.9190478,72.8294948,0
Dhanvantari_Nursing_Home,India,18.9192249,73.3277223,0
Dr._Amins_Clinic,India,18.9243376,72.8239698,0
Indu_Clinic,India,18.9276348,72.8330646,0
Dr._Munir_Bangi_Hospital,India,18.931092,72.826454,0
Phiroze_M.Dastoor_and_Co,India,18.9380988,72.8343567,0
Bombay_Hospital_and_Medical_Research_Centre,India,18.9389181,72.8286535,0
Bombay_Hospital_And_Medical_Research_Center,India,18.941002,72.827324,0
Shroff_Eye_Clinic,India,18.9435836,72.8228706,0
Zain_Eye_Care,India,18.9457243,72.8237605,0
Sukhanjali_Hospital,India,18.9485435,75.3353875,0
M.H._Saboo_Siddique_Maternity_and_General_Hospital_-_Masjid,India,18.9506004,72.8382547,0
Charak_Clinic_Nursing_Home,India,18.9519338,72.8189832,0
Dholkawalla_Maternity_Home,India,18.952263,72.8340598,0
Saifee_Hospital,India,18.952508,72.818199,0
Palshetkar_Patil_Nursing_Home,India,18.9537342,72.8183134,0
Endocrine_Metabolic_Laboratory,India,18.956084,72.8151877,0
Bombay_City_Eye_Institute_and_Research_Center,India,18.956136,72.8081781,0
Samyak_Drishti_Eye_Centre,India,18.9563549,72.8133985,0
Trinity_Clinic_Pvt.Ltd,India,18.9570051,72.8239724,0
Eye-Q_Vision_Care,India,18.95753,72.8088794,0
Brahman_Sabha_Mumbai._Mhaskar_Gruh_And_General_Nu,India,18.9575324,72.8190671,0
N_M_Medical_Centre,India,18.9576029,72.8103199,0
The_Vascular_Clinic,India,18.9586748,72.8110314,0
Vimal_Ear_Nose_and_Throat_Hospital,India,18.95886,72.825277,0
Dr_Galas_Nursing_Home,India,18.9591784,72.8145383,0
Mangeshikar_Access_Gynecology_and_Infertility_Center,India,18.9591937,72.8122626,0
CGHS_Sub-Dispensary_Nepean_Sea_Road,India,18.9593271,72.8012627,0
Dr.Mangeshikar_Clinic,India,18.9602406,72.8103742,0
Panvel_Hospital,India,18.9602837,73.1289792,0
Institute_Of_Nephro_Urology,India,18.961019,72.8359607,0
Cumbala_Hill_Hospital_and_Heart_Institute,India,18.9624555,72.8098026,0
Sai_Kripa_Childrens_Hospital,India,18.9626907,72.8129124,0
Bombay_City_Eye_Institute_and_Research_Centre,India,18.9629992,72.8175748,0
Shree_Samarth_Nursing_Home,India,18.9635287,72.8280994,0
Dr._Nisars_Eye_Care_Centre,India,18.9636754,72.8161899,0
Chaitanya_Hospital,India,18.9651504,72.8334008,0
New_Babulnath_Ent_Clinic,India,18.9653852,72.8147262,0
Shobha_Maternity_and_Surgical_Home,India,18.9655331,72.8165727,0
Sadhu-Kamal_Eye_Hospital,India,18.965987,72.818904,0
Bhatia_General_Hospital,India,18.9664679,72.8152953,0
The_B.D.Petit_Parsee_General_Hospital,India,18.9668749,72.805182,0
Soonawala_Clinic,India,18.9678635,72.8089613,0
Nova_Medical_Centers_Pvt_Ltd,India,18.9681499,72.8122442,0
Jaslok_Hospital,India,18.9681978,72.8072647,0
Tanmay_Nursing_Home,India,18.9685541,72.8248598,0
Nagori_Clinic_And_Nursing_Home,India,18.9688538,72.8283084,0
Prince_Aly_Khan_Hospital,India,18.970835,72.8357489,0
Doshi_Eye_Care,India,18.9714675,72.8095069,0
Kamran_Nursing_Home,India,18.9722585,72.8311737,0
Breach_Candy_Hospital_Trust,India,18.972711,72.804394,0
Shetty_Nursing_Home_Shetty_Health_Services_Pvt._Ltd.,India,18.9746477,72.8128577,0
CGHS_Dispensary_No.11_Byculla,India,18.9751131,72.8298837,0
Jaslok_Hospital_And_Medical_Research_Institute,India,18.9755757,72.8097374,0
Balaji_Hospital,India,18.9821993,72.8382547,0
N_S_Optical_Contact_Lens_Clinic_Ghatkopar,India,18.9840396,72.835737,0
Purohit_Clinic,India,18.9845543,73.1150443,0
Anand_Hospital,India,18.9868442,75.7526596,0
Nirmal_Clinic,India,18.9872015,72.8290456,0
Varun_Netralaya_-_Panvel,India,18.9877788,73.1139305,0
Chiranjeev_Bal_Rugnalaya,India,18.9890893,75.7600785,0
Ghanate_Hospital_Panvel,India,18.9894007,73.1175162,0
Sudha_Shankar_Netralaya,India,18.9898845,73.1105427,0
Panacea_Hospital,India,18.9903309,73.1133846,0
Shree_Hospital,India,18.9915077,73.1091404,0
Jain_Diagnotic_Centre,India,18.9915925,72.8315014,0
Harish_Nursing_Home,India,18.991758,72.831223,0
Dr_Ghodkes_Sanjay_Clinic,India,18.9922722,73.1143877,0
Sankalp_Eye_Care_Centre,India,18.9927476,72.8310679,0
S.M.S._Hospital_and_Research_Centre,India,18.9932773,75.7596618,0
Shri_Samat_Hospital,India,18.9941788,75.7487863,0
Dr.Zankars_Diagnostic_Centre,India,18.9952875,72.8364244,0
Terna_Group_Of_Hospitals,India,18.9981356,73.1257403,0
Dr_G_M_Bhargava_Clinic,India,18.99833,72.83864,0
R_R_A_Podar_Central_Research_Institute,India,18.9997784,72.8169357,0
Shree_Childrens_Hospital,India,19.0015736,73.120208,0
K_B_H_B_Charitable_Ophthalmic_and_E.N.T_Hospital,India,19.0021567,72.8415793,0
K_B_Haji_Bachooali_Charitable_Ophthalmic_and_E_N_T_H,India,19.003095,72.8393973,0
The_Bombay_Mothers_and_Children_Welfare_Societys,India,19.0031932,72.8192367,0
Arunodaya_Clinic,India,19.003417,73.118678,0
Tata_Memorial_Hospital,India,19.0041141,72.8426707,0
Shreeyash_Maternity_and_General_Hospital,India,19.0042739,73.1163018,0
Parel_Institute_Of_Orthopaedic_Specialities,India,19.004888,72.8456268,0
Reliance_Life_Sciences_Pvt._Ltd,India,19.0062696,72.8206853,0
Genesis_Speciality_Center_Health-Check_Up,India,19.0088678,72.8573828,0
Ashtvinayak_Hospital,India,19.0091383,73.1165197,0
Sidhivinayk_Clinic,India,19.0096924,72.8299301,0
Aryan_Hospital_and_Icu,India,19.0097727,72.9017603,0
Lions_Club_Of_East_Bombay,India,19.0099,72.820598,0
G_S_B_S_Medical_Trust,India,19.0099129,72.8426858,0
Vatsalya_Maternity_and_Surgical_Nursing_Home,India,19.010738,72.832083,0
Shushrusha_Heart_Care_Centre_and_Speciality_Hospital,India,19.0111023,73.0337193,0
Spandan_Hospital_and_Research_Centre,India,19.0119747,73.1084052,0
Ashwini_Nursing_Home-_Nerul,India,19.0133957,73.0165529,0
Fayth_Clinic,India,19.0137008,72.8294379,0
Janeshwari_Brain_And_Spinte_Centre_Swati_Maternity,India,19.0143388,73.1106183,0
Dr_R_M_Jangada_Clinic_Dadar,India,19.0146087,72.8427525,0
Rotunda_Nursing_Home,India,19.0151285,72.8580644,0
Netradham_Obsessed_For_Complete_Eye_Care,India,19.0156893,75.7429636,0
Asha_Surgical_and_Maternity_Home_Laparoscopy_and_Famil,India,19.0158466,72.8279973,0
Ankur_Eye_Hospital_Laser_And_Phaco_Centre_-_Gadhinglaj,India,19.0159062,72.832028,0
Dr._Karmarkar_Hospital,India,19.0160002,72.8431146,0
Nerkar_Surgical_Clinic,India,19.0163387,72.8401024,0
Aditya_Jyot_Eye_Hospital,India,19.0164103,72.855261,0
B_N_D_Onco_Center,India,19.016976,72.847592,0
Dr_Kiran_Katar_Clinic,India,19.0176169,72.8561288,0
Vakola_Nursing_Home_and_Polyclinic,India,19.0177749,72.8582527,0
Ashirwad_Diagnostic_Centre,India,19.0178803,73.0869884,0
Punamiya_Hospital,India,19.0181462,72.8357351,0
Akshi_Eye_Centre,India,19.0187123,72.8480251,0
Elixir_Hospital,India,19.0187882,72.848917,0
Asmi_Arthroscopy_and_Sports_Medicine_Institute,India,19.019119,72.848349,0
Dr_Khandeparkars_Nursing_Home,India,19.0194936,72.8467661,0
Laud_Clinic,India,19.020546,72.8487169,0
Navneet_Jain_Health_Center,India,19.0207984,72.8384577,0
Dr.Bhute_Nursing_Home,India,19.0208354,72.904425,0
Ashirvad_ClinicDr.Vandana_Walvekar,India,19.021324,72.8424178,0
Shushrusha_Citizens_Co-Op_Hospital_Ltd.,India,19.0213255,72.8397884,0
Siddhamrut_Clinic,India,19.022637,72.851028,0
Krishna_Cardiac_Care_Centre,India,19.0228246,72.8534206,0
Siddivinayak_Healthcare_Pvt_Ltd,India,19.0235976,72.8378125,0
Suprabha_Surgicare,India,19.0237817,72.8502094,0
Dr_V_T_Shah_Diagnostic_Centre_and_Clinic,India,19.023947,72.8529909,0
Dr.Vaze_Hospital,India,19.0241157,72.8365432,0
Well_Spring_Dr_Avinash_Phadke_Pathlab_Clinic,India,19.0242735,72.8379211,0
Laksh_Deep_Hospital,India,19.0245174,73.0407276,0
Patoriya_Eye_Hospital,India,19.0251156,73.0210595,0
Dr_Jairaj_Hospital,India,19.0251178,73.0423421,0
Dr.Chhatres_Maternity_and_Surgical_Nursing_Home,India,19.0252685,72.8523958,0
Tirtha_Surgical_and_Maternity_Home,India,19.0254538,72.8357672,0
Mgm_Hospital_and_Research_Centre,India,19.025615,73.041885,0
Dnyan_Geeta_Nursing_Home,India,19.0256197,72.8372812,0
Laxmi_Eye_Institute,India,19.0259708,73.0280785,0
K.C.M._Hospital,India,19.0266349,72.8594614,242929
Golwilkar_Metropolis_Heath_Service_India_Pvt_Ltd,India,19.027805,72.852096,0
Rajvi_Clinic,India,19.0281662,72.8382547,0
Jyoti_Nursing_Home,India,19.0283439,72.869804,0
Dr_Singhs_City_Hospital_And_Medical_Research_Centre,India,19.0284046,73.0966941,0
Vatsalya_Multi_Speciality_Hospital,India,19.0291908,73.1002905,0
H._J._Doshi_Ghatkopar_Hindu_Sabha_Hospital,India,19.0294825,72.8560871,0
Deb_Surgical_and_Maternity_Care_Centre-_Nerul-_Navi,India,19.0295047,73.0206717,0
Gupte_Maternity_and_Surgical_Home,India,19.0298134,72.8398724,0
Mahatma_Gandhi_Missions_Hospital,India,19.0300657,73.0351138,0
Visaria_Nursing_Home_-_Matunga,India,19.0304554,72.8469971,0
CGHS_Dispensary_No.8_Koliwada,India,19.030998,72.862675,0
Shree_Saraswati_Nursing_Home,India,19.0310674,72.8453376,0
Triveni_Nursing_Home,India,19.0313867,72.8379652,0
S.L._Raheja_Hospital,India,19.032012,72.8401043,0
CGHS_Polyclinic_Koliwada,India,19.0327797,72.864102,0
Aditya_Health_Care,India,19.0327996,72.8963568,0
Suyash_Surgiacal_and_Maternity_Home,India,19.032803,73.1012153,0
Aastha_Old_Aged_Care_Center,India,19.0330488,73.0296625,0
Dr.Koppikars_Family_Clinic,India,19.0334876,72.8463712,0
Icon_The_Eye_Consultants_Eye_and_Laser_Centre,India,19.0336548,72.854459,0
North_Bombay_Clinic_Surgical_and_Maternity_Home,India,19.0338576,72.8423219,0
Shivam_Eye_Foundation_P_P_N,India,19.0344725,73.0287838,0
Om_Maternity_Home_and_Clinic,India,19.034944,73.0570709,0
Mata_Lachmi_Hospital,India,19.0349625,72.8601821,0
Swastika_Nursing_Home,India,19.0351003,72.8591851,0
Dr_Savlas_Child_Care_Centre,India,19.0351454,72.8663173,0
Dr._MathureS_Surgical_Clinic,India,19.0351534,72.8404432,0
Netra_Retina_And_Laser_Centre,India,19.0353124,72.8436859,0
Raj_Hospital,India,19.0355766,73.0228173,0
P_D_Hinduja_National_Hospital_and_Medical_Research_Centre,India,19.0374901,72.8390644,0
Jeevandeep_Hospital,India,19.0374942,73.1006593,0
Endoscopy_Asia,India,19.0381054,72.8596712,0
Shri_Vaishnav_Seva_Samaj_Public_Charitable_Trust_-,India,19.0390214,72.8618952,0
Dhanwantari_Nursing_Home_and_Diagnostic_Centre,India,19.0390744,72.8527492,0
Dr._Deosthacis_Eye_Care_Centre,India,19.0397531,72.8611975,0
Kshema_Orthopaedic_Hospitals_Pvt._Ltd.,India,19.0399378,73.0194861,0
Bava_Medical_Centre,India,19.0402084,72.8508504,0
Sukrut_Maternity_Clinic,India,19.0405554,73.0676533,0
Aryan_Hospital,India,19.0409524,73.0150146,0
Dr._Fonsecas_Maternity_and_Surgical_Home,India,19.0414516,72.8453359,0
Sukhada_Speciality_Hospital,India,19.0421332,73.0100869,0
V_R_Nursing_Home,India,19.0422261,73.0260947,0
Ameya_Netralaya_Eye_Hospital,India,19.0429578,72.8417775,0
Satyam_Multispeciality_Hospital_and_Trauma_Centre,India,19.0431133,73.0773413,0
Kamlesh_Mother_and_Child_Hospital,India,19.0433268,73.0151632,0
Sushrusha_Heart_Cre_Center_and_Speciality_Hospital,India,19.0434771,73.0089423,0
Potnis_Hospital-_Rsby,India,19.0436986,73.8330844,0
Dr._Kulkarni_Hospital,India,19.043902,72.8681195,0
Abms_Clinic,India,19.0439138,73.0656152,0
Harish_Hospital_And_Iccu,India,19.0439521,73.0171405,0
Bhatti_Eye_Clinic,India,19.0453626,72.9115246,0
Dalvi_Plus,India,19.046295,72.8415449,0
Ayurseva_Hospital,India,19.0463778,72.8543168,0
Inlaks_General_Hospital,India,19.0464362,72.8946608,0
Niramaya_Hospital,India,19.0473216,73.0699046,0
Advanced_Laparoscopy_and_Urology_Centre,India,19.0478987,73.069195,0
Dr._Sushil_D_Nakhates_Child_Care_Centre_and_Shruti_Nursing_Home,India,19.0480285,72.857092,0
Royal_Nursing_Home,India,19.0489198,72.9143346,0
Bombay_City_Hospital,India,19.0493908,72.9145327,0
Om_Navjeevan_Hospital,India,19.0499426,73.0685665,0
Ashirwad_Hospital_and_Polyclinic,India,19.0506517,72.9103754,0
Mangal_Prabhu_Nursing_Home_Polyclinic_and_Diagnostic_Center,India,19.0506956,73.0154376,0
Shree_Mahaveer_Nursing_Home_-_Govandi-Mumbai,India,19.0511,72.9205,0
Dongre_Hospital,India,19.0514747,73.8327676,0
Lilavati_Hospital_and_Research_Center,India,19.0515721,72.8346314,0
Dr_Suresh_C_Anand_Clinic,India,19.05161,72.8911931,0
Kallash_Jeevan_Hospital,India,19.0516874,72.9194798,0
Dr.PatrawalaS_Kalpana_Nursing_Home,India,19.0516931,72.8691602,0
Dr._Tidke_Hospital,India,19.051694,72.930923,0
Ekta_Nursing_Home_and_Polyclinic,India,19.0520628,72.9272317,0
Sitla_Hospital,India,19.0521897,72.8915977,0
Vision_2000_Laser_Surgery_Centre,India,19.0525804,72.8242037,0
Surana_Sethia_Hospital_and_Research_Centre,India,19.053083,72.8982503,0
Mangal_Anand_Hospital,India,19.0533749,72.897061,0
Sushama_Patkar_Maternity__and_Surgical_Home_-_Bandra,India,19.0536244,72.8245123,0
Neurogen_Brain_And_Spine_Institute,India,19.0536352,72.8851743,0
Narurkar_Ent_Hospital,India,19.0539989,72.9053186,0
Vikas_Nursing_Home,India,19.055124,72.9154653,0
Swastik_Nursing_Home,India,19.0552812,72.8892082,0
Dr_Jains_Dental_Speciality_Centre,India,19.0557586,72.8319193,0
Asian_Heart_Institute,India,19.0562207,72.8537634,0
West_Lake_Speciality_Clinic,India,19.0563119,72.8386593,0
Mahatma_Gandhi_Seva_Mandir,India,19.057173,72.8393225,0
Varsha_Gandre_Parekh_Maternity_and_Surgical_Hospital,India,19.0573721,72.8981332,0
Palvi_Maternity_and_Mother_Care_Centre_-_Bandra_Mumbai,India,19.0574076,72.8447654,0
Aryan_Hospital_and_Iccu_-_Kurla-Mumbai,India,19.0579437,72.8412418,0
Tejas_Eye_Clinic,India,19.0585316,72.8478554,0
Dr_Mekhales_Dhanvantari_Hospital,India,19.0585864,72.9078832,0
Tandon_Hospital,India,19.058879,72.900615,0
Udbhava_Childrens_Hospital,India,19.0591772,72.8468228,04023155733
The_Cosmetic_Surgery_Institute,India,19.0593278,72.8351498,0
Kolekar_Nursing_Home,India,19.0593495,72.9068556,0
Manas_Multi-_Speciality_Hospital,India,19.0596364,73.0685464,0
Aayush_Eye_Clinic,India,19.0597308,72.8989478,0
Millennium_Life_Line_Hospital_and_Research_Centre,India,19.059797,73.0142845,0
Rushabh_Nursing_Home_and_Eye_Hospital,India,19.059862,72.9005605,0
Laser_Eye_Surgery_Center,India,19.0599051,72.8342113,0
Kolekar_Hospiatl,India,19.0599156,72.9011119,0
Dr_Kedares_Maternity_and_General_Nursing_Home,India,19.0604892,72.898177,0
Laxmi_Surgical_Clinic,India,19.060533,72.8493479,0
Ceds_The_Cneter_Of_Eye_Dianostics_And_Surgery,India,19.0606917,72.8362497,0
Shroff_Eye_Hospital,India,19.0607435,72.8369031,0
Nandini_Eye_Care_Centre,India,19.0608089,72.8454864,0
Shramik_Nursing_Home,India,19.0609237,72.9053059,0
Bandra_Pathology_Laboratory,India,19.0616128,72.83184,0
Clinic_Dr.Vaishnavi_Patil,India,19.0620527,72.8834355,0
Devi_Maternity_and_Surgical,India,19.0622209,72.8357525,0
Dr._R.N._PatilS_Suraj_Neurologiacal_and_Multispeciality_Hospital,India,19.0624197,73.0058897,0
Dr_.Desais_Nursing_Home,India,19.0625228,72.8829242,0
Varun_Childrens_Hospital,India,19.0627033,72.9297396,0
Dr_A_K_Chandiramani_Hospital,India,19.0636199,72.8351453,0
Ashvini_Maternity_and_Surgical_Nursing_Home,India,19.0639898,72.8825627,0
Asian_Heart_Institute_And_Research_Center,India,19.06413,72.861656,0
Shree_Eye_Clinic,India,19.0651648,73.0087956,0
Satya_Shiva_Medicals_Pvt._Ltd.,India,19.0674662,72.828512,0
Hinduja_Healthcare_Surgical,India,19.0685232,72.8352484,0
Tulip_Womens_Healthcare_Centre_-_Khar_W,India,19.0689055,72.8320899,0
Rane_Heart_Hospital,India,19.0691719,72.902584,0
Tata_Memorila_Centre_Navi_Mumbai,India,19.0703259,73.0826336,0
G.M.Medical_Centre_-_Khar,India,19.0703631,72.8369507,0
Aarya_Multispecility_Hospital_and_I_C_C_U,India,19.0704303,73.0831149,0
Dr_Shehnaz_Shaikh_Clinic,India,19.0707532,72.8781322,0
Ambika_Nursing_Home,India,19.0708788,74.7168823,0
Sterling_Wockhardt_Hospital,India,19.0709116,72.9859162,0
Niramaya_Holistic_Health_Services_Pvt_Ltd,India,19.0712143,73.0799855,0
Ramakrishna_Mission_Hospital,India,19.0715992,72.8348232,0
Chrysalizz,India,19.0716903,72.8341267,0
Dr._Tilwe_Maternity_and_Nursing_Home,India,19.0716941,73.0002544,0
Zaveri_Eye_Clinic,India,19.0723058,73.0006774,0
Netrapuja_Research_Centre,India,19.072631,72.838478,0
Mahatma_Gandhi_MissionS_New_Bombay_Hospital,India,19.0731822,72.9951844,0
Jaydish_Nursing_Home,India,19.0732019,72.9983015,0
Mahavir_Medical_Research_Center,India,19.0741473,72.8325682,0
Sobti_Clinic,India,19.0742566,72.9968942,0
Dr_Gupta_Clinic_And_Day_Carecentre,India,19.0743137,72.8278871,0
Khar_Clinico-Pathological_Laboratory,India,19.074515,72.834424,0
Malati_Maternity_Hospital,India,19.0751377,72.9091436,0
City_Hospital_And_Reserch_Centre,India,19.0754649,72.8770505,0
Dhamke_Hospital,India,19.0755793,72.8400105,0
Dr_Mehta_Nursing_Home,India,19.0757557,72.9081922,0
Kakraniya_Hospital,India,19.0759837,72.8776559,0
Chandrawati_Child_and_Maternity_Hospital,India,19.0760171,73.0095336,0
Ashirwad_Heart_Hospital,India,19.0762268,72.9055233,0
Hiranandani_Fortis_Hospital,India,19.0770644,72.9989925,0
Nayan_Eye_Centre,India,19.0770917,72.9080971,0
Dr._Anthony_F_D_Souza,India,19.0778504,72.996881,0
Clear_Vision_Eye_Center,India,19.0781122,72.8319933,0
Dr._Kunnure_Hospital_And_Iccu,India,19.0784267,72.9969872,0
Dr_Yewale_Multi_Speciality_Hospital_For_Children,India,19.078634,72.9973569,0
CGHS_Dispensary_No.14_Vakola,India,19.0788783,72.8500307,0
Cg_Eye_Foundaton_and_Shree_Ghatkopar_Brahman_Samaj,India,19.07907,72.907976,0
L_V_Prasad_Eye_Institute_Collaborating_Center,India,19.0791764,72.9018877,0
Bakul_Parekh_Childrens_Hospital,India,19.0791965,72.9037124,0
Dr_Trivedis_Maternity_and_Nursing_Home,India,19.0792247,72.9057813,0
Upadhyaya_Nursing_Home,India,19.07937,72.8562596,0
Dr._Sheth_Surgical_Clinic_andGeneral_Nursing_Home-_Santacruz-Mumbai,India,19.079497,72.8465064,0
Doshi_Nursing_Home,India,19.0796375,72.9070116,0
Nandan_Maternity_and_Surgical_Home,India,19.0797967,72.8427287,0
Holy_Family_Hospital,India,19.0799499,72.8367149,0
Siddhi_Nursing_Home,India,19.0801652,72.8494657,0
Dharam_Hospital,India,19.0809074,73.000498,0
Sarvodaya_Eye_Hospital,India,19.081131,72.839053,0
Bhargava_Nursing_Home,India,19.0811858,72.8361408,0
Sumanglya_Bal_Arogya_Mandir,India,19.0812335,74.7360452,0
Mandakini_Ctscan_Centre,India,19.0813907,73.0004906,0
Life_Line_Hospital_and_Diagnostics_Pvt_Ltd,India,19.0815087,72.8376755,0
Smruti_Nursing_Home,India,19.0819373,72.8382266,0
Bcj_Hospital_And_Asha_Parekh_Research_Centre,India,19.0820719,72.8404132,0
Dr._Dipak_Desais_Ear_Nose_And_Throat_Hospital,India,19.0820978,72.9067817,0
Kohinoor_Hospital,India,19.0822947,72.8950556,0
Sarthak_Hospital,India,19.0823297,74.7356872,0
Varun_Cardiac_Clinic,India,19.082354,72.9051026,0
Siddhi_Medical_Centre,India,19.0824849,72.9980942,0
Clilical_Pathology_and_Bacteriology_Clinic,India,19.0825013,72.8387327,0
Dattatreya_Nursing_Home,India,19.0825366,72.8502317,0
Veer_Hospital,India,19.0830923,74.7403974,0
Sarla_Hospital_and_Icu,India,19.085559,72.8364953,0
Municipal_Corporation_Of_Greater_Mumbai,India,19.0857348,72.9138503,0
Harilal_Jechand_Doshi_Ghotkopar_Hindu_Sabha_Hospit,India,19.0860468,72.9080866,0
Supekar_Hospital,India,19.0863609,74.7395134,0
Sanghavi_Eye_Clinic,India,19.0864675,72.9041042,0
Sanjeevani_Nursing_Home,India,19.0868475,72.9079402,0
Desai_Nursing_Home,India,19.0875717,72.9126514,253703
Medico_Surgical_Clinic_And_Hospital,India,19.0879271,72.90482,0
Vaibhav_Polyclinic_and_Siddharth_Nursing_Home,India,19.0880594,72.905286,0
Maniar_Clinic,India,19.088112,72.835058,0
Matangi_Nursing_Home,India,19.0886373,72.9080266,0
Zynova_Heart_Hospital,India,19.0889039,72.907247,0
Furias_Eye_Clinic,India,19.0890786,72.9075341,0
Aseem_Orthopaedic_Hospital,India,19.0893623,72.837722,0
Kenias_Eye_Hospital,India,19.0895032,72.8385658,0
Dr._Bhanushalis_Nursingh_Home,India,19.0898504,72.9013911,0
Amrutha_Surgical_And_Maternity_Home,India,19.0898792,72.908696,0
The_Apollo_Clinic,India,19.0899,73.0032257,0
Ashirwad_Hospital_Maternity_Surgical_And_General,India,19.0899366,73.0047217,0
Narwade_Hospital_and_Adv._Laparoscopy_Centre,India,19.0904534,74.7347189,0
Sagar_Nursing_Home_and_Icu,India,19.0908063,72.9076669,0
Laxmi_Health_Care_Center_and_Iccu,India,19.091182,72.9208636,0
Shradha_Heart_Hospital,India,19.0932331,72.9136926,0
Dr._Tamboli_Balrugnalaya_/_Chiranjiv_Clinic_And_Child_Development_Centre,India,19.0937592,74.7365224,0
Accident_and_Superspeciality_Centre,India,19.0938016,74.7498845,0
Ashwini_Maternity_and_Surgical_HospitalGhatkoparE,India,19.0940687,72.9000241,0
Pawar_Hospital,India,19.09459,74.7785026,0
Nanavati_Hospital,India,19.094854,72.839654,0
Shreeji_Associates_C/O_Dr_Ranes_Nursing_Home,India,19.095176,72.8499645,0
Mohini_Hospital,India,19.0952075,74.7495916,0
Aparna_Hospital,India,19.0959087,72.8553466,0
Naik_Nursing_Home_and_Endoscopy_Centre,India,19.0962638,73.0111333,0
Sanjawalas_Maternity_and_Gynacologist,India,19.0963781,72.8563994,0
Abhishek_Nursing_Home,India,19.096654,72.9026801,0
Godrej_Memorial_Hospital,India,19.0966611,72.9239095,0
Netradeep_Eye_Hospital,India,19.097758,74.7325015,0
Dr_Jagdish_Shahs_Clinic,India,19.0982759,72.848784,0
Mahaveer_Health_Care_Centre,India,19.098692,72.840026,0
Parle_Eye_Hospital,India,19.1007327,72.8484152,0
Eyeris_Medical_Center_Pvt._Ltd.,India,19.1012769,72.8425406,0
Dr_Balabhai_Nanavati_Hospital,India,19.1013427,72.8394774,0
CGHS_Dispensary_No.21_Sahar,India,19.1015512,72.8631724,0
Dr._Manoj_Shah__Fractureaccident_-_Orthopaedic,India,19.1016472,72.8500491,0
GoyalS_Nursing_Home,India,19.101707,73.001176,0
Sarafs_Diagnostic_Center,India,19.1021198,72.8447758,0
Vivek_Pathology_Laboratory,India,19.1024496,72.8499878,0
Pushpak_Maternity_and_Nursing_Home,India,19.1029426,72.9117206,0
Voras_Clinical_Laboratory,India,19.1030524,72.8466914,0
Kaustubh_Nursing_Home,India,19.1030855,73.0039587,0
Dr_D_Y_Patil_Hospital_and_Research_Center,India,19.1033194,73.0067258,0
CGHS_Dispensary_No.5_Santacruz,India,19.1034191,72.854365,0
Pkc_Hospital_And_Medical_Research_Centre,India,19.1035049,72.92377,0
Ameya_Surgical_and_General_Nursing_Home,India,19.104219,72.864046,0
Dr.Tushar_Shah,India,19.1043491,72.8464095,0
Abhay_Nursing_Home,India,19.1044022,72.8872491,0
Ela_Maternity_Hospital,India,19.104738,73.006112,0
Prime_Hospital_and_Nursing_Home,India,19.104807,72.91216,0
Narsale_Hospital_and_Maternity_Home,India,19.1051624,74.7304821,0
Smt._Kamladevi_Gauridutt_Mittal_Ayurvedic_Hosp,India,19.1055042,72.8500559,0
Ashirwad_Children_And_Surgical_Hospital,India,19.10648,72.88773,0
Wankhade_Kidney_Hospital,India,19.1065063,74.7408393,0
Swasthya_Hospital_Medical_Research_Center,India,19.1065754,74.7357643,0
Dr._Sadiwalas_Clinic_and_Nursing_Home,India,19.106652,72.8402931,0
Juhu_Clinical_Laboratory,India,19.1067104,72.829273,0
Samarth_Hospital,India,19.1067711,72.9225416,0
Dr._Bhagwan_Bhangadia_Clinic,India,19.106902,72.850495,0
Dr.Daftarys_Total_Care_Clinic,India,19.1080574,72.8290035,0
Dadhich_Nursing_Home,India,19.1081099,72.8677512,0
Life_Care_Iccu__Medical_and_Surgical_Emergencies,India,19.1083063,72.8382876,0
Saurabh_SanjanwalaS_Maternity_Gync.and_Surgical_Nur,India,19.1084218,72.8485457,0
Sai_Snehdeep_Hospital,India,19.108437,73.0050176,0
Sheth_Kantilal_C._Parikh_General_Hospital,India,19.1086051,72.8267176,0
Kripa_Eye_Clinic,India,19.1088116,72.8560975,0
Shree_Ramnath_Eye_Care,India,19.109099,72.8557189,0
Laxmi_Mirat_Eye_Clinic_And_Day_Care_Centre,India,19.109114,72.8575199,0
Hanumant_Super_Speciality_Hospital,India,19.109334,73.004973,0
Joy_Hospital_Pvt_Ltd,India,19.1095683,72.825288,0
Sadanand_Danait_Hospital,India,19.1097442,72.8484128,0
Veena_Clinic,India,19.1097712,72.8582672,0
Dr_Goels_Maternity_and_General_Hospital,India,19.1099032,72.8650609,0
Aggarwal_Eye_Hospital__Vile_Parle,India,19.1100258,72.8495392,0
Laser_Institute_Of_Laser_Medicine,India,19.1102949,72.8409693,0
Center_For_Cataract_Surgery_-_Mumbai,India,19.110608,72.832553,0
Priya_Maternity_Home,India,19.1108713,72.9324731,0
Dr.Sandip_Anand,India,19.1110621,72.8655922,0
Chintamani_Hospital_and_Urology_Center,India,19.1113327,74.7292131,0
Carewell_Nursing_Home,India,19.1123849,72.8669884,0
Spectacles_And_Contact_Lens_Clinic,India,19.1131214,72.867009,0
Bhosle_Hospital,India,19.1132337,73.7326775,0
Shrinathji_Hospital,India,19.1132913,72.9306159,0
Agrawal_Hospital,India,19.1136032,74.7302645,0
Roshni_Eye_Hospital,India,19.113645,72.8697339,0
Shree_Hi-_Tech_Clinic_Pvt._Ltd._/Laserx,India,19.1141161,72.8393625,0
Dr._Sanjay_Soni,India,19.1145832,72.8358707,0
Masrani_Clinic_For_Women_and_Mimas,India,19.1152002,72.844139,0
Dr_Punjabis_Laboratory,India,19.1154908,72.8726952,0
Sujay_Hospital,India,19.1160222,72.8313139,0
Sevenhills_Healthcare_Private_Limited,India,19.1163793,72.8798583,0
Terna_Sahyadri_Speciality_Hospital_And_Research_Centre,India,19.1165242,72.9044137,0
Sugun_Hospital_Multispeciality_Diagnostic_Icu,India,19.1165713,72.8825342,0
Dr_Parmars_Surgical_Hospital,India,19.1166476,72.8427744,0
Jan-Seva_Charitable_TrustS_Sai-Krupa_General_Hospital,India,19.1167435,72.937045,0
Badade_Hospital,India,19.1168918,72.9103201,0
Sangita_Maternity_Surgical_and_Diagnostic_Centre,India,19.1171389,72.846563,0
Atul_-_Lok_Hospital,India,19.1176258,72.9327686,0
Srl_Ranbaxy_Ltd,India,19.1185922,72.872193,0
Saish_Nursing_Home_and_Icu,India,19.1188585,72.8802146,0
S_B_Nursing_Home_and_Icu,India,19.1196773,72.9050809,0
Sujata_Medicare_Sujata_Gyanaecology_Clinic,India,19.1198548,72.8464601,0
Joshi_Hospital,India,19.120998,74.7425085,0
Jain_Nursing_Home,India,19.1211714,72.853548,0
Dr.Pintos_Pathological_Laboratory,India,19.1213135,72.8797755,0
Divine_Multispecialty_Hospital_and_Research_Centre,India,19.1214684,73.0036295,0
Dr.Sakhalkars_Maternity_and_Nursing_Home_-_Andheri,India,19.1229678,72.8641387,0
Shri_Swami_Samarth_Hospital,India,19.1241695,74.7399301,0
J.P_Hospital,India,19.1245594,72.852967,0
Sunjeevani_Nursing_Home,India,19.1247154,73.0699597,0
Powai_Polyclinic_and_Hospital,India,19.1254172,72.9170023,0
Shakuntala_Memorial_Surgical_Childerns_and_General_Hospital,India,19.1269161,72.8670933,0
Indu_Maternity_and_Surgical_Nursing_Home_-_Andheri,India,19.1278936,72.8623075,0
Turfiya_Hospital_and_Icu,India,19.1281781,72.8876327,0
Vijay_Opticians,India,19.1285131,72.8247942,0
Vivek_Charitable_Netra_Chikitsalaya,India,19.1287852,74.7363513,0
Sengal_Patan_Lab,India,19.1289346,72.8248789,0
Purandare_Hospital,India,19.1295475,72.822229,0
Mahima_Hospital_and_Polyclinic,India,19.1306458,72.8184455,0
Ankur_Maternity_and_Surgical_Nursing_Home,India,19.1308769,72.9359605,0
Belle-Vue_General_Nursing_Home,India,19.1314413,72.8342384,0
Parulekar_Maternity_And_Surgical_Nursing_Home_-_Mumbai,India,19.1315933,72.8498738,0
Aniket_Nuring_Home,India,19.1316889,72.9351934,0
CGHS_Dispensary_No.25_Jogeshwari,India,19.1319685,72.8607789,0
Gokul_Hospital,India,19.1330996,72.8372689,0
Pratima_Maternity_and_Surgical_Nursing_Home,India,19.1332655,72.84371,0
Rg_Stone_Urology_And_Laparoscopy_Hospital,India,19.1338837,72.8376429,0
Luthra_Hospital_And_Research_Centre,India,19.1341265,72.9141077,0
Kokilaben_Dhirubhai_Ambani_Hospital,India,19.1344172,72.8256366,0
The_Clinique_and_Nursing_Home_-_Andheri,India,19.1350852,72.8146101,0
Dr._Kotwal_Maternity_Hospital,India,19.135931,72.849588,0
Surgicare_Medical_Centre_-_Mumbai,India,19.1363034,72.827096,0
Ameya_Maternity_and_Nursing_Home,India,19.1363246,72.82766,0
Dr._Kamats_Hospital_-_Jogeshwari_-_Mumbai,India,19.1364893,72.8488709,0
Rahul_Eye_Clinic,India,19.13654,72.847579,0
Dr_Kulkarni_Hospital,India,19.1365997,72.8566074,0
R.G._Scientific_Enterprises_Ltd,India,19.1366248,72.8363278,0
Dr_Rays_Clinic,India,19.1370311,72.8700524,0
Life_Care_Medical_Centre,India,19.1373646,72.8253553,0
Dr._L.H._Hiranandani_Hospital,India,19.1374852,72.917394,0
Shaily_Nursing_Home,India,19.1375536,72.9350174,0
A.E.Kalsekar_Hospital,India,19.1379278,72.8101762,0
Kulkarni_Nursing_Home_and_Polyclinic,India,19.1396177,72.8317178,0
CGHS_Dispensary_No.6_Ghatkopar,India,19.1403981,72.9379362,0
Dr_Shah_Hospital_and_Acupuncture_Research_Center,India,19.1405116,72.8421555,0
Dr.Badwaiks_Maternity_and_General_Hospital,India,19.1424376,72.9327673,0
Dr_Mahajan_Hospital_and_Industrial_Trauma_Center,India,19.1425582,73.0120312,0
Kakasaheb_Mhaske_Kamgar_Hospital,India,19.1429587,74.7137046,0
Gandhi_Nursing_Home,India,19.1435906,72.8246291,0
Dr._KhoslaS_Dental_Centre,India,19.1437436,72.8251145,0
Reges_Bone_And_Joint_Care_Centre,India,19.1438721,72.8243536,0
Shivam_Netram_Eye_Hospital,India,19.1439388,72.8430671,0
Suman_Eye_Clinic_and_Surgery_Centre,India,19.1441579,72.8238595,0
Vertex_Hospital,India,19.1444557,72.9169635,0
Suman_Eye_Clinic_And_Surgery_Centre,India,19.1445491,72.8254052,0
Jeevan_Jyot_Hospital,India,19.1445583,72.9373038,0
J._K._Child_Health_Care_and_Nicu,India,19.144698,72.9368292,0
Dr_Manes_Gawali_Hospital,India,19.1452559,73.0102842,0
Pushpa_Maternity_Home,India,19.1455917,72.8229639,0
Dr._Bhatias_Ruby_Hospital_-_Bhandup_-_Mumbai,India,19.1462082,72.9272317,0
Eye_and_I_Dr.Kolhes_Eye_Clinic,India,19.1462749,72.9353872,0
Dr._Thakurs_Ear_Nose_Throat_Clinic_And_Hospital_-_Bhandup_W_Mumbai,India,19.1470738,72.9389442,0
Hutatma_Rajguru_Hospital,India,19.1471153,74.0300772,0
Settys_Endoscopic_Surgical_Centre,India,19.1473592,72.9318038,0
M.S.Maternity_and_General_Hospital,India,19.1474511,72.9299079,0
Sas_Health_Care_Pvt._Limited,India,19.147626,72.9294528,0
Criti_Care_Iccu_Multispeciality_and_Trauma_Centre,India,19.1482367,72.9923513,0
Pushpa_Hospital,India,19.1483497,72.8404703,0
Dr_Rajiv_Chandras_Asha_Hospital_and_Iccu,India,19.1488782,72.9969872,0
Mahek_Nursing_Home,India,19.1493933,72.9326121,0
CGHS_Dispensary_No.17_Bhandup,India,19.149901,72.931134,0
Patliputra_Medical_College_and_Hospital,India,19.1503529,72.8373754,0
Nadkarni_Eye_Care_Centres,India,19.1505614,72.936863,0
Krishna_Nursing_Home,India,19.1507653,72.9372688,0
Yashada_Maternity_and_Surgical_Home,India,19.1509735,72.8758099,0
Saarthi_Hospital,India,19.1509879,72.9315251,0
Suruchi_Eye_Centre,India,19.1512887,72.9985574,0
Dr._RautS_Maternity_and_Surgical_Nursing_Home,India,19.1515624,72.9435765,0
Lotus_Multispeciality_Hospital,India,19.1531246,72.9411365,0
Gandhi_Hospital_-_Navi_Mumbai,India,19.153192,72.9969872,0
Disha_Hospital,India,19.153633,72.996033,0
Aditya_Nursing_Home,India,19.1542933,72.8381842,0
Care_Hospital_-_Vijayawada,India,19.1548096,72.841757,0
Tushar_Maternity_and_Surgical_Nursing_Home,India,19.1551485,72.8678551,0
Shree_Ram_Eye_Care_Centre,India,19.1557098,72.9524625,0
Indravati_Hospital,India,19.1564686,72.998371,0
Cancer_Care,India,19.1565109,72.9637728,0
Sai_Seva_Hospital_And_Icu,India,19.157935,72.9934762,0
Sai_Krupa_General_Hospital,India,19.1603221,72.9913826,0
Fortis_Hospitals_Limited,India,19.1605587,72.9469214,0
Thanawalas_Clinic_For_Women,India,19.1616805,72.9988208,0
Modi_Hospital_Iccu,India,19.1620886,72.9981476,0
Siddhartha_Municipal_General_Hospital,India,19.1629338,72.839241,0
Kapadia_Multi_Speciality_Hospital,India,19.1630556,72.8390592,0
Yashwant_Hospital_and_Critical,India,19.1630954,76.2077146,0
Shree_Sai_Maternity_and_Surgical_Nursing_Home,India,19.1641019,72.9453184,0
Dr_Baliga_Nursing_Home,India,19.164269,72.8454471,0
Popular_Nur,India,19.1645467,72.944227,0
Anand_Children_Hospital,India,19.1651872,72.8466727,0
Pooja_Nursing_Home_Pvt._Ltd.,India,19.1672312,72.9504364,0
Lakshmi_Nursing_Home,India,19.1672624,72.9506072,0
Holy_Trinity_Hospital,India,19.1674543,72.9512289,0
Enclave_Maternity_Home,India,19.1691237,72.8754694,0
Gomathi_Eye_Centre,India,19.1695051,72.9596346,0
Mahatme__Eye_Hospital,India,19.1695809,72.9579077,0
Dr._Mrs._S.D.Patki_Clinic,India,19.1699919,72.8497757,0
Maher_Maternity_and_Nursing_Home,India,19.1702704,72.958854,0
Hira_Mongi_Navneet_Hospital,India,19.1709732,72.9505973,0
Ashirwad_Maternity_and_Nursing_Home,India,19.1711783,72.933681,0
Shushrusha_Hospital_and_Icu,India,19.1714081,72.9578599,0
Omkar_Eye_Care_Center,India,19.171536,72.9528553,0
Dr._Sabnis_Maternity_and_Nursing_Home,India,19.171775,72.9622211,0
Shettys_Endoscopic_Surgical_Center,India,19.1721433,72.9504824,0
Abhinav_Kidney_Dialysis_And_Health_Centre_-_Mulund,India,19.1725542,72.942537,0
Eva_Medicare_Center_-_Andheri,India,19.1732556,72.8363508,0
Eye_Smile_Clinic,India,19.1733185,72.8730215,0
Drishti_Eye_Care_Centre,India,19.1734608,72.9535574,0
International_Institute_Of_Sleep_Sciences,India,19.1735888,72.9566508,0
Gokuldham_Medical_Centre,India,19.1737578,72.8597274,0
Gokul_Nursing_Home_and_Iccu,India,19.1738547,72.8476718,0
Surya_Eye_Clinic,India,19.1745143,72.862324,0
Chetna_Critical_Care_Unit,India,19.1745575,72.9526923,0
Padmashree_Nursing_Home_Mulund,India,19.1747331,72.9419373,0
Dr.Guptas_Nursing_Home,India,19.1749892,72.8451337,0
Mission_Nephro-Uro_Pvt_Ltd,India,19.1753134,72.9532236,0
Jas-Raj_Hospital,India,19.1753538,72.9528652,0
Le_Nest,India,19.1757956,72.8419473,0
Ashirwad_Critical_Care_Unit,India,19.1758053,72.9476017,0
Daxini_Heart_Centre,India,19.1761159,72.9517295,0
Shri_Sai_Balrugnalaya_and_Maternity_Home,India,19.1761399,75.1749671,0
Arogya_Health_Care,India,19.1791186,72.9498535,0
Orthocare_and_Ria_Nursing_Home,India,19.1793036,72.9563451,0
Ear-Nose-Throat_And_Eye_Clinic,India,19.180237,72.8554149,0
Triveni_Hospital,India,19.1804788,72.951224,0
Devangi_Hospital,India,19.1808735,72.8574558,0
Veena_Nagar_Health_Care_Center_and_Hospital,India,19.180878,72.944899,0
Shreyans_Ano-Rectal_and_Day-Care_Hospital,India,19.1821571,72.9711731,0
Dr_Redkars_Maternity_and_Nursing_Home,India,19.1822352,72.9468948,0
Malad_Clinical_and_Pathological_Laboratory,India,19.1825133,72.8565805,0
Advanced_Orthopaedic_Centre,India,19.1827551,72.8401539,0
Krishna_Eye_Care_Centre,India,19.1834374,72.8533692,0
Dr.Ronak_Prakash_Bhandari,India,19.1834939,72.8357436,0
Jay_Polyclinic_Surgical_and_Maternity_Nursing_Home_and_Iccu,India,19.1840599,72.846178,0
Navkar_Child_Care_Centre_and_Nursing_Home,India,19.1843832,72.8362572,0
Sai_Hospital_And_Icu,India,19.1850225,72.9683173,0
Siddiqui_Nursing_Home,India,19.185045,73.0244225,0
Janhvi_Nursing_Home,India,19.185155,72.8422978,0
Manish_Nursing_Home,India,19.1853044,72.8470214,0
Anmmol_Orthovision,India,19.186169,72.9469977,0
Dr._Priyas_Sai_Niwas_Maternity_and_Surgical_Nursing,India,19.1867519,72.9545494,0
Dr._Muddebihalkar_Hospital_and_Iccu,India,19.1869807,72.9540053,0
Dr.PathakS_Nursing_Home,India,19.1871159,72.9694667,0
Abhijit_Hospital,India,19.1874689,72.8422219,0
Puranik_Hospital,India,19.1878099,72.845366,0
Dr_Bhanushali_Hospital,India,19.1881428,72.9759446,0
Agrawal_Clinic,India,19.1886713,72.8573826,0
Suchak_Hospital,India,19.1889023,72.8500318,0
Saraogi_Maternity_and_General_Hospital,India,19.1897322,72.8460784,0
Dr_Vaidyas_Eye_Center,India,19.1902827,72.9711542,0
Shraddha_Orthopedic_and_Surgical_Hospital,India,19.1903411,72.855971,0
Somika_Laser_Eyes_Surgery_Centers,India,19.1911864,72.9724048,0
Mokashi_Nursing_Home,India,19.191805,72.9747837,0
Fortis_Hospitals_Mulund,India,19.1918191,72.8348753,0
Evershine_Nursing_Home,India,19.1928391,72.8330873,0
Telang_Nursing_Home,India,19.1931105,72.9442111,0
Shree_Krishna_Hospital_-_Kandivali,India,19.1936411,72.8435167,0
Lifeline_Hospital,India,19.1938477,72.8465927,0
Dhanvantri_Childrens_Hospital,India,19.1954727,72.9652491,0
Bapat_Nursing_Home,India,19.1956229,72.9668684,0
Medha_Maternity_and_Nursing_Home_-_Kandivali_E_Mumbai,India,19.1956904,72.8754354,0
Marve_Nursing_Home,India,19.1963422,72.8105333,0
Harisuman_Nursing_Home,India,19.1963547,72.9871979,0
Hittaishi_Health_Care_Centre_and_Icu,India,19.196383,72.9634219,0
Surana_Hospital_And_Research_Centre,India,19.1980732,72.8426229,0
Dr.Nalavade_Multispeciality_Hospital,India,19.1985423,72.9748448,0
Risk_Care_Hospital_and_Iccu,India,19.1996442,72.9720309,0
Pratik_Hospital_and_Maternity_Home,India,19.1998211,72.842594,0
Manchanda_Ortho_and_Physio-Care_Centre,India,19.2007429,72.9608828,0
Madhu_Polyclinic_and_Nursing_Home,India,19.200861,72.9643615,0
Shreeji_Hospital_Kandivli,India,19.2009337,72.8692653,0
Aishwarya_Nursing_Home_-_Thane,India,19.2011685,72.9751825,0
Sanchaiti_Hospital,India,19.2014495,72.8590491,0
Saibaba_Maternity_and_Nursing_Home,India,19.2017881,72.856749,0
Laxmi_Clinic_-_Kandivli_-_Mumbai,India,19.2018029,72.859212,0
Neon_Critical_Care,India,19.2019275,72.8190866,0
Sai_Vilayatrai_Charitable_Polyclinc,India,19.2019348,72.8446558,0
Dr._Mokashi_Hospital,India,19.2031842,73.87425,0
Shah_Surgical_Hospital_and_Maternity_Home_P._Ltd.,India,19.2039462,72.8492897,0
Netra_Jyot_Eye_Care_Centre,India,19.2040597,72.9691583,0
Nath_Hospital,India,19.2041173,72.9747855,0
Vinayak_Nursing_Home,India,19.2050369,72.8389113,0
Monish_Nursing_Home,India,19.2057161,73.0955302,0
Nidhi_Nursing_Home_and_Iccu,India,19.2063004,72.841578,0
New_Life_Nursing_Home,India,19.2064722,72.8648413,0
Grace_Maternity_and_Nursing_Home_-_Kandivli_W,India,19.2064817,72.8384842,0
Panorama_Eye_Clinic_Superspeciality_Eye_Care,India,19.206847,72.8443572,0
Jobanputra_Nursing_Home,India,19.206912,72.850038,0
Jupiter_Lifeline_Hospitals_Ltd.,India,19.2074008,72.9725836,0
Sarveshwari_Charitable_Trust_and_General_Hospital,India,19.2074695,72.8664007,0
Dr._VoraS_Premature_Critical_Care_and_General_Hospital,India,19.2077867,72.8423686,0
Ramanand_Hospital,India,19.2095672,73.0089982,0
Shri_Uttam_Hospital,India,19.2099999,72.961482,0
Gayatri_Maternity_and_Gynaec_Clinic,India,19.2100454,72.8183494,0
Mahesh_Clinic,India,19.2105512,72.8748702,0
Usha_Maternity_and_Nursing_Home,India,19.2107733,73.1868328,0
Omm_Sai_Nursing_Home_-_Kandivali_Mumbai,India,19.2114533,72.8737217,0
Silotri_Hospital,India,19.212245,72.960029,0
Jan_Kalyan_Hospital_Bhilai,India,19.2127076,73.1904697,0
Dr_Ram_Malis_Ramanand_Hospital_and_Iccu,India,19.2128663,73.0102182,0
Aditi_Hospital,India,19.2132136,72.8637163,0
Maher_Maternity_And_Surgical_Nursing_Home,India,19.2137555,72.9611627,0
Vikas_Diagnostic_Centre,India,19.2139911,72.8655789,0
Smiles_Unlimited_Dental_Clinic,India,19.2140149,72.9771604,0
Eye_Site,India,19.2147763,73.0864218,0
Dr_Reena_Mokal_Nursing_Home_and_Polyclinic,India,19.2153192,72.8152087,0
Deepashree_Eye_Clinic_And_Surgical_Centre,India,19.2157613,73.0729934,0
Shree_Eye_Hospital,India,19.2164376,72.9722088,0
Sanghvi_Maternity_and_Surgical_Hospital,India,19.2172084,72.848035,0
Shree_Nagesh_Childrens_Hospital,India,19.2177774,72.8301306,0
R_K_Hospital,India,19.218196,73.0880882,0
Sahayog_Nursing_Home,India,19.2183307,72.9780897,0
Lancelot_Dialysis_Unit,India,19.2187105,72.8522215,0
Sushant_Maternity_and_Surgical_Nursing_Home,India,19.218734,72.871135,0
Kirad_Nursing_Home_and_Critical_Care_Centre,India,19.2197644,72.8332763,0
Shah_Surgical_And_Maternity_Nursing_Home,India,19.219868,72.8524778,0
Niramay_Mother-Care_Centre_Maternity_and_Surgical,India,19.2213018,72.8399394,0
Nirmay_Mother_Care_Centre,India,19.2219048,72.842968,0
Dhanshri_Hospital,India,19.2222802,72.8544895,0
Anand_Medical_Centre,India,19.222312,72.8534365,0
Navjeevan_Global_Heart_Centre,India,19.2224441,72.8600404,0
Dr_Parikhs_Maternity_Gynaec_and_General_Hospital,India,19.2229268,72.8574421,0
Shivani_Medical_Centre,India,19.223019,72.844611,0
Arihant_Heart_and_Surgical_Hospital,India,19.2240612,72.8666469,0
Utkarsh_Nursing_Home,India,19.2248364,72.8566481,0
Neelam_Nursing_Home_Lenest_-_Malad_W,India,19.2254953,72.8544636,0
Shree_Borivli_Gujarati_Seva_Mandal,India,19.2262703,72.8519442,0
Dr_Malatibai_Chitnis_Clinic_and_Hospital,India,19.2266605,72.9838366,0
Patel_Nursing_Home,India,19.226821,72.8549865,0
Bhargav_Medical_Centre,India,19.2268919,72.8444188,0
Roshni_Eye_Clinic,India,19.2277398,72.8594058,0
Vinit_Eye_Clinic_Retina_And_Laser_Centre,India,19.2287365,72.8475542,0
Rose_Petal_Nursing_Home,India,19.2290453,72.8514375,0
Varachha_General_Hospital,India,19.229882,72.8546175,0
Parmar_Hospital,India,19.2300126,72.8619097,0
Raj_Jyoti_Hospital,India,19.2301995,72.8404511,0
Dr.Redkar_Hospital,India,19.230415,72.862571,0
Sparsh_Hospital,India,19.2306852,72.8407885,0
Aastha_Eye_Clinic,India,19.231169,72.8387275,0
Asian_Eye_Institute_And_Laser_Centre,India,19.2318937,72.8586904,0
Rukshmani_Surgical_Hospital,India,19.2329536,72.8651258,0
Mohit_Hospital_and_Heart_Centre,India,19.234019,72.8643053,0
Metro_Hospital_and_Icu,India,19.2346825,72.9756521,0
Dr._AmarS_Karkhanis_Super-_Speciality_Hospital,India,19.2347436,72.9742923,0
Bhagat_Nursing_Home,India,19.235267,72.8607045,0
Purnima_Hospital,India,19.2360202,72.8606066,0
Shree_Krishna_Hospital,India,19.2371877,72.8441358,0
Nityanand_Nursing_Home,India,19.2374286,73.1255989,0
Dr._R.J._Ganatras_Nursing_Home,India,19.2375183,72.8548501,0
Rajendra_Maternity_and_Surgical_Nursing_Home,India,19.2380341,72.8452546,0
Pandit_Accident_Hospital_and_Spine_Care_Centre,India,19.2381636,73.1294602,0
Balaji_Polyclinic_and_Criticare_Centre,India,19.2406676,72.8685001,0
Vishwanath_Hospital,India,19.2434168,72.8671305,0
Dr._Trivedi_Eye_Hospital,India,19.2437052,72.8515283,0
Total_Woman_Medical_Centre_-_Dahisar,India,19.243804,72.865917,0
Renuka_Children_Clinic_and_Medicare_Centre,India,19.2449206,72.8478044,0
Chhaya_Surgical_Home,India,19.2461644,72.8509056,0
Seth_Ent_and_Eye_Clinic,India,19.2465825,72.8502157,0
Kk_Maternity_And_General_Hospital,India,19.2467802,72.8610276,0
Dr._Abhijit_Mahadeo_Valanju,India,19.2486286,72.8500441,0
Kaustubh_Icu_Maternity_Nursing_Home,India,19.2505412,72.8506775,0
Dr.Nikams_Eye_Care_And_Laser_Centre,India,19.2511357,72.8575344,0
Dr._M._L_Dhawale_Memorial_Trust,India,19.2512619,72.8601956,0
Rohit_Nursing_Home_-_Dahisar,India,19.2515368,72.8637467,0
K._M._C.Nursing_Home_and_Polyclinic,India,19.2529011,72.9722983,0
Dr_Mandar_Pandit_Clinic,India,19.2530795,72.8575571,0
Mauli_Hospital,India,19.2539332,72.8672448,0
Abhinav_Sushrut_Hospital,India,19.2540545,72.8620298,0
Akshit_Maternity_Home,India,19.2542542,72.8646698,0
Shree_Arihant_Eye_Care_Centre,India,19.2550851,72.8571396,0
Shri_K.V.O.Jain_Manav_Seva_Kendra_Navneet_High_-Te,India,19.255128,72.8568499,0
Parijat_Child_Health_Clinic,India,19.2559121,72.8749632,0
Sukhsagar_Hospital,India,19.2564386,72.8546344,0
Nupur_Nursing_Home_-_Kandivli,India,19.2594417,72.8635548,0
MK_Hospital,India,19.2687576,73.0458775,0
Bhakti_Vedanta_Hospital,India,19.2697321,72.8720581,0
Om_Sai_Ent_Clinic,India,19.2757,72.86424,0
Aryan_Child_Healthcare_Centre,India,19.2768266,72.8741682,0
Gayatri_Maternity_and_Ent_Hospital,India,19.277098,72.8591019,0
Dr_Suris_Maternity_And_Surgical_Nursing_Home,India,19.2786329,72.8684561,0
Better_Sight_and_Research_Center,India,19.2797746,72.8601066,0
Hamzah_Nursing_Home,India,19.2798752,72.8855163,0
Sanjeevani_Hospital_For_Women_And_Children,India,19.2803447,72.8622798,0
Gayatri_Maternity_and_Ear_Nose_Throat_Hospital,India,19.2804812,72.8618866,0
Janak_Hospital,India,19.280583,72.8666866,0
Waris_Nursing_Home,India,19.2812547,73.0482912,0
Take_Care_Maternity_And_Nursing_Home,India,19.2849906,72.8700495,0
Deepak_Hospital,India,19.2856295,72.8693515,0
Sushrut_Maternity_and_Surgical_Nursing_Home,India,19.2871393,72.8688419,0
Umrao_Hospital,India,19.2876622,72.8590429,0
Suman_Hospital,India,19.2891713,73.0337355,0
Parmar_Nursing_Home,India,19.2896128,72.8596712,0
Apex_Kidney_Care_Pvt._Ltd_Mira_Road,India,19.293624,72.8714864,0
Life_Care_Hospital,India,19.2961387,72.862607,0
Apple_Hospital_and_Medical_Centre,India,19.2974558,72.8564721,0
Tushar_Clinic_and_Maternity_Home,India,19.3014127,73.056288,0
Ramlok_Ent_Clinic,India,19.3017788,72.8502601,0
Kamala_Eye_Clinic,India,19.3025417,72.8526726,0
Pradha_Maternity_and_Medical_Nursing_Home,India,19.3056009,72.8593755,0
Poonam_Manav_Seva_Kendra,India,19.3059613,72.8498129,0
Aditi_Dental_Clinic,India,19.3067454,72.8532606,0
Sai_Aashirwad_Hospital_Iccu_and_Polyclinic,India,19.3069896,72.862504,0
Padamawati_Maternity_and_Nursing_Home,India,19.3140139,72.8545942,0
Dwarka_Nursing_Home,India,19.350367,75.219372,0
Madhura_Nursing_Home,India,19.381244,72.830237,0
Chaphekar_Iccu_Diabetes_Hospital_-_Vasai_W,India,19.383948,72.827961,0
Dr._Sankhe_Hospital,India,19.3872168,72.8236072,0
Sinare_Hospital,India,19.392678,74.6488264,0
Dr._GoyalS_Children_and_General_Hospital,India,19.3942114,72.8633635,0
Sri_Ram_Hospital_and_Research_Centre,India,19.4277089,72.8133864,0
Gayatri_Hi_Tech_Hospital_and_Research_Center,India,19.4553515,72.8113716,0
Taluk_Health_Office,India,19.4559236,73.3296037,0
Vijay_Ent_Hospital,India,19.4618817,72.7776581,0
Devgiri_Nurising_Home,India,19.4776906,75.3849382,0
Anand_Maternity_And_Nursing_Home_-_Mumbai,India,19.4945979,72.8604097,0
Fairbank_James_Frienship_Memorial_Hospital,India,19.5278548,74.9650339,0
Bule_Hospital,India,19.5406298,74.005428,0
Saraswati_Hospital,India,19.5511772,74.9281063,0
Vardaan_Women_Hospital,India,19.5674683,74.6483767,0
Pophale_Hospital_Pvt_Ltd,India,19.5734126,74.2098618,0
Dr_Pawar_Hospital,India,19.5742085,75.1269885,0
Om_Gagangiri_Hospital,India,19.5771387,74.2079648,0
Lifeworth_Super_Speciality_Hospital_/_Pjlnm_Medical_College,India,19.6168292,74.6570733,0
Manas-Deep_Psychitry_And_Neurocare_Center,India,19.6195601,74.6695931,0
Padghau_Hospital,India,19.6199519,74.6758693,0
Sakhar_Kamhgar_Hospital_Trust_Gangadhar_Ogale_Hospital,India,19.6222323,74.6576091,0
Shridhar_Eye_Hospital_Phaco_Centre,India,19.6226389,74.6539497,0
Gosavi_Nursing_Home,India,19.6231984,74.6562597,0
Parijat_Hospital,India,19.669412,74.1583547,0
Dhanwantari_Critical_Care_I_C_U,India,19.7171458,77.1423399,0
Ahilia_Netralaya_and_Maternity_Centre,India,19.7173703,77.1493722,0
Appa_Saheb_Dhanvate_Memorial_Hospital,India,19.7666681,74.6195474,0
Deshmukh_General_Hospital,India,19.7668633,74.4772614,0
Narayana_Hrudayalaya_Csi_Hospital,India,19.7865252,74.0678281,0
Vatsalya_Hospital,India,19.7885349,74.4730782,0
Shri_Sai_Clinic_and_Hospital,India,19.8004226,74.4646954,0
Orbit_Eye_Clinic,India,19.8231811,75.2099821,0
Aai_Maternity_Hospital_and_Nursing_Home,India,19.8236021,75.8813128,0
Despande_Home_and_Maternity_Home,India,19.8296893,75.8800305,0
Palkar_Eye_Hospital,India,19.8300434,75.8792975,0
Mathruchaya_Hospital,India,19.8383246,75.9071272,0
Jeevanjyot_Hospital,India,19.8399697,75.2469262,0
Balaji_Medical_and_General_Store,India,19.8420404,75.2469317,0
Sri_Ganapathi_Nethralaya,India,19.8429404,75.9156623,0
Mantri_Surgical_And_Maternity_Hospital_-_Jalna,India,19.8434828,75.9271494,0
Dhankani_Hospital,India,19.8451639,75.910757,0
Jai_Shree_Hospital,India,19.8458703,75.9070488,0
Yashwant_Multispeciality_Hospital_Pvt_Ltd,India,19.846848,73.9903262,0
Sahyadri_-Jalna_Mission_Hospital,India,19.8489257,75.9054938,0
Kamalnayan_Bajaj_Rugnalay,India,19.8502643,75.3076904,0
M.M.R.I._Kamalnayan_Bajaj_Hospital,India,19.8511097,75.3492776,0
Gare_Hospital,India,19.8530593,74.0006328,0
Gopal_Hospital,India,19.8537359,75.9048416,0
Manik_Hospital_and_Research_Center_Pvt_Ltd,India,19.8586438,75.3557927,0
Ramkrupa_Maternity_and_Nursing_Home,India,19.8622077,75.3472723,0
Sushila_Netralaya,India,19.8624449,75.3144791,0
Ankur_Maternity_and_Eye_Hospital,India,19.8629648,75.342311,0
Yogeshwari_Hospital,India,19.8630368,75.3127929,0
Mit_Hospital_and_Research_Centre,India,19.8631171,75.3636602,0
Aastha_Nursing_Home_And_Critical_Care_CenterAuran,India,19.8635343,75.3358928,0
Gade_Hospital,India,19.8638512,75.3541859,0
Patwardhan_Hospital,India,19.8639613,75.3108699,0
K_C_H_Kandharkar_Hospital,India,19.8665632,75.3375739,0
Dumir_Maternity_and_Nursing_Home,India,19.8668745,75.3114828,0
Dr._Hedgewar_Rugnalya_-_Aurangabad,India,19.8682025,75.3503969,0
Bharat_Hospital_and_Nursing_Home,India,19.8688216,75.3773741,0
Mauli_Children_Hospital,India,19.8694896,75.3488732,0
Shri_Tirupati_Diagnostic_Centre,India,19.87022,75.3201849,0
Suniti_Nursing_Home,India,19.8704331,75.3317435,0
Indian_Academy_Of_Acupuncture_Science,India,19.8747935,75.3588641,0
Sumananjali_Nursing_Home,India,19.874953,75.362316,0
Neo_Clinic,India,19.874986,75.330618,0
Matruseva_Hospital,India,19.8750392,75.3523681,0
Ciigma_Hospital,India,19.8760793,75.3477351,0
Haddi_and_Dental_Hospital,India,19.8761653,75.3433139,0
Dr.Joshi_Hospital,India,19.8762883,73.8448469,0
Dr._Totla_Hospital,India,19.8763364,75.3442059,0
Soni_Hospital,India,19.876453,75.3454179,0
Hazari_Nursing_Home,India,19.8771878,75.3228386,0
Shewale_Hospital,India,19.8778328,75.3293823,0
Guruprasad_Eye_Hospital_-_Aurangabad,India,19.8781718,75.3200819,0
Drushti_Eye_Institute,India,19.8784923,75.3202606,0
Dr_Manju_P_Jilla_Hospital,India,19.8813337,75.3534997,0
Krushnai_Maternity_and_Nursing_Home,India,19.8823567,75.359254,0
Medical_Center,India,19.8834604,75.3572501,0
Sachin_Hosptial.,India,19.884736,75.3226486,0
Shree_Gajanand_Ayurved_Chikitsalay,India,19.8872157,75.3201484,0
Dev_Orthopaedic_Hospital,India,19.8875183,75.3156324,0
Insha_Surgical_Hospital,India,19.887891,75.3277349,0
Aurangabad_Hospital,India,19.8883922,75.3285803,0
Prestige_Hospital,India,19.8886014,75.3217165,0
Col._Sir._R.N._Chopra_Nursing_Home,India,19.8930198,75.3185466,0
Gurde_Hospital,India,19.9006617,75.3561924,0
Dwarka_Hospital,India,19.9007195,75.3551081,0
Rasha_Maternity_and_Nursing_Home,India,19.9054217,75.3514963,0
Cantoment_General_Hospital,India,19.906167,73.8242621,0
Sakolkar_Charitable_Hosp_and_Research_Centre,India,19.9063768,75.3465569,0
Muktai_Hospital,India,19.9205556,73.8834629,0
Nasik_Health_CareandResearch_Centre_Pvt.Ltd,India,19.9366469,73.7296324,0
Om_Hospital,India,19.9526325,73.8361676,0
Ashwini_Hospital_Beed,India,19.9540988,73.7741237,0
Patil_Eye_Hospital,India,19.95437,73.830506,0
Sujata_Birla_Hospital_And_Medical_Research_Centre,India,19.9588531,73.8314402,0
Bhangdia_Hospital,India,19.9601542,73.8318448,0
Chirayu_Childrens_Hospital,India,19.9702929,73.8301437,0
Gupta_Medical_Hospital_and_Icu,India,19.9713889,73.748883,0
Anand_Hospital_and_Nursing_Home,India,19.971516,73.7843031,0
Aashirwad_Hospital,India,19.9722057,73.756976,0
Shushrusha_Hospital,India,19.9738747,73.8220773,0
Asha_Kendra_Hospital_-_Nashik,India,19.9753577,73.8147042,0
Aashray_Surgical_and_Trauma_Care,India,19.9791248,73.7483628,0
Ameya_Medical_Foundation_Garud_Hospital_and_Research_Institute,India,19.9801298,74.490931,0
Devika_Nursing_Home_Sindhi_Colony_Station_Road_Durg,India,19.9834934,73.8474084,0
Chavan_Multispeciality_Hospital,India,19.9849312,73.7470502,0
Dr._Deshkar_Nursing_Home,India,19.986082,73.786874,0
Vasan_Eye_Care_Hospital_-_Nasik,India,19.9867752,73.7846144,0
Dr._Ganorkars_Fracture_Treatment_Centra_and_Maternity_Home,India,19.9872146,73.7825499,0
Tulasi_Eye_Hospital,India,19.987224,73.79615,0
Sai_General_Hospital,India,19.988609,73.79288,0
Lifeline_Hospital_and_Medical_Reasearch_Centre_I_P._Ltd.,India,19.9905766,73.7987556,0
Dr._Karad_Hospital,India,19.9909447,73.7342599,0
Kute_Eye_Hospital,India,19.9913186,73.7794599,0
Sahyadri_Speciality_Hospital-_Nashik.,India,19.9917287,73.7935775,0
Wockhardt_Hospitals,India,19.9924557,73.79354,0
City_Care_Hospital_And_Research_Centre_Pvt._Ltd,India,19.9930737,73.8037119,0
Thakar_Hospital,India,19.9963526,73.7785846,0
Ankur_Fertility_and_Endoscopy_Centre_Pvt.Ltd,India,19.9968428,73.7670076,0
Deepjyoti_Hospital,India,19.9974533,73.7898023,0
Shree_Saibaba_Heart_Insititue_and_Research_Center_Pvt._Ltd.,India,20.000093,73.784804,0
Anand_Hospital_and_Premature_Baby_Care_Centre,India,20.0010384,73.7870297,0
Dr._Satish_Patil,India,20.0010407,73.7767097,0
Sushrut_Hospital,India,20.0018737,73.7745676,0
Shruti_Hospital,India,20.0019211,73.7732504,0
Krishna_Hospital_And_Critical_Care_Centre,India,20.0027364,73.7717237,0
Healing_Touch_Angiography_and_Cardiac_Surgery_Centre_Pvt._Ltd.,India,20.004718,73.7838994,0
Kasliwal_Hospital,India,20.0054511,73.7849245,0
Vidula_Nursing_HomeFertility_Clinic,India,20.0054774,73.7755486,0
Bhaskar_Ent_Hospital,India,20.0055026,73.7860759,0
Dr._Upasani_Maternity_and_Nursing_Home,India,20.0058802,73.7933809,0
Sushil_Eye_Hospital_and_Brahama_Laser_Center,India,20.0065414,73.7610774,0
Dr._Bhambri_Hospital,India,20.0069641,73.7600406,0
Navkar_Eye_Clinic,India,20.0073753,73.7673653,0
Nirgude_Nursing_Home,India,20.0075919,73.7556921,0
Shri_Samarth_Super_Speciality_Hospital_Rishikesh_Medical_Foundation_And_Research_Centre_-_Nasik,India,20.007765,73.7705437,0
Seeta_Maternity_and_Surgical_Nursing_Home,India,20.008742,73.7838784,0
Ramalayam_Hospital,India,20.0100436,73.7938473,0
Shraddha_Eye_Hospital,India,20.010347,73.793341,0
Shri_Sai_Multispeciality_and_Research_Centre,India,20.0103573,73.7953654,0
Rishikesh_Medical_Foundation_and_Research_Centre,India,20.0112699,73.7606908,0
Nath_Nursing_Home,India,20.012327,73.785743,0
Sukhakarta_Rugnalaya,India,20.0139048,73.8106232,0
Modasa_Surgical_Hospital,India,20.0238247,75.1618345,0
Shree_General_and_Maternity_Hospital,India,20.0319396,74.7688173,0
Sri_Vighneshwara_Hospital,India,20.0358592,73.8039261,0
Sonawane_Hospital,India,20.0471229,74.4818698,0
Gajre_Hospital_Neuro_Centre,India,20.0520829,73.7886066,0
Dr_Shinde_Hospital_and_Research_Centre,India,20.0855931,74.0447003,0
Barde_Maternity_Hospital,India,20.109893,73.9467331,0
Ajanta_Hospital,India,20.1493562,76.5686427,0
Chc_Umargam,India,20.1728327,72.7626184,0
Mamta_Hospital,India,20.1738123,72.7639662,0
Smt._Ramaben_Maternity_and_General_Hospital,India,20.1808672,73.0169135,0
Bhandari_Hospital,India,20.2511789,74.4366016,0
Shreeji_Hospital,India,20.2758516,72.8863469,0
Yogi_Hospital,India,20.2909881,73.0228173,0
Saoji_Hospital,India,20.3412,76.2668875,0
Chc_Kaprada,India,20.344189,73.2182945,0
Usha_Hospital,India,20.346079,72.9363513,0
Amardeep_Eye_Hospital,India,20.363429,72.9212189,0
T_R_Memorial_Hospital,India,20.3634554,72.9401509,0
Surya_Hospital,India,20.3744113,72.9213204,0
Maa_Maternity_Home,India,20.3772047,72.9279219,0
Haria_Lg_Rotary_Hospital,India,20.3815586,72.9194798,0
Haria_L._G._Rotary_Hospital,India,20.3893155,72.9106202,0
Shifa_Orthopadic_Hospital,India,20.390841,72.8961811,0
Ashirvad_Hospital,India,20.3912094,72.8959068,0
Aadit_Hospital,India,20.3933749,72.8961431,0
Government_Hospital_Daman,India,20.4080193,72.8343123,0
Hansa_clinic_and_hospital,India,20.4110465,72.8917256,0
Life_Care_Multispeciality_Hospital,India,20.418249,72.8456149,0
Ashok_Hospital,India,20.4222709,72.8301306,0
Chc_Rohinaa,India,20.438549,72.9992013,0
Om_Netralaya_And_Dental_Clinic,India,20.4542184,74.9974444,0
Matoshri_Accident_Hospital,India,20.4636683,75.0103978,0
Stree_Chaitanya_Maternity_and_Surgical_Nursing_Home,India,20.4640778,74.9968543,0
Siddhi_Vinayak_Medicentres_Pvt._Ltd.,India,20.4647737,75.0091909,0
Drushti_Eye_Hospital,India,20.5104362,72.9436653,0
Pardi_Hospital,India,20.5131604,72.9486001,0
Dr._Chinchole_Eye_Hospital_Eye_Bank_and_Laser_Centre,India,20.5264912,76.1794078,0
Vasantprabha_Hi-Tech_Multispeciality_Hospital,India,20.5266964,76.1722376,0
Shree_Tuljai_Fracture_and_Accident_Hospital,India,20.5292147,76.1841701,0
Abhijat_Multipurpose_Society_Buldhana,India,20.534505,76.1702913,0
Suyash_Hospital,India,20.5547497,74.5100291,0
Bhamare_Hospital_-_Malegaon-Camp,India,20.5561068,74.5248653,0
Shraddha_Hospital_Jalgaon,India,20.5714077,75.1443226,0
B._S._Bhandari_Rotary_Eye_Hospital,India,20.5735503,74.509588,0
Susmit_Nursing_Home,India,20.5741672,74.508242,0
Vivekanand_Polyclinic,India,20.5839788,75.6691074,0
Atharva_Hospital_Criticare_General_and_Dental_Centre,India,20.593684,78.96288,0
Dr_Mahaskar_Genral_Hospital,India,20.5992349,72.9342451,0
Anjani_Hospital,India,20.6031151,74.1938657,0
Shankar_Netralaya,India,20.6086238,79.8581874,0
Padma_Clinic,India,20.6089309,72.926635,0
Shri_Rang_Orthopaedic_Hospital_Valsad,India,20.6096554,72.9272785,0
Swiec_Clinic_Shree_Sainath_Womens_Infertility_And_Endoscopy_Centre,India,20.6110639,72.9264934,0
Smt_Lilaben_Chimanlal_Parikh_Cancer_Centre,India,20.611587,72.9288049,0
Swami_Samarth_Hospital,India,20.6607735,75.3357541,0
Shubhamkaroti_Hospital_and_Maternity_Home,India,20.704527,76.9834013,0
Nayandeep_Netra_Regunalaya,India,20.7053115,76.5654948,0
Chandak_Urology_Clinic_And_Meternity_Home,India,20.7059345,77.0219019,0
Ingle_Hospital,India,20.7116217,76.5661276,0
Jaipuria_Hospital,India,20.7126659,76.9977152,0
Vyanktesh_Children_Hospital_And_Premature_Baby_Uni,India,20.7137603,76.563408,0
Phadke_Hospital,India,20.718763,77.0175832,0
Cotton_City_Hospital_and_Critical_Care_Centre,India,20.720588,77.0031863,0
Sushiladevi_Sharma_Hospital,India,20.7296406,77.3678934,0
Vivek_Nursing_Home,India,20.7496922,73.0604504,0
Anand_Nursing_Home,India,20.7540125,79.8841831,0
Udit_Hospital_and_I.C.U.,India,20.7579323,73.3640381,0
Adarsh_Hospital,India,20.763852,72.972648,0
Navin_Maternity_and_Surgical_Nursing_Home,India,20.7681448,72.9730662,0
Atrik_Hospital,India,20.7690264,72.9777738,0
Vidya_Nursing_Home,India,20.7715283,72.9710944,0
Chc_Waghai,India,20.7737289,73.4975656,0
Sooraj_Hospital,India,20.7744629,73.3607258,0
Chc_-_Gandevi,India,20.8098896,72.9959595,0
Kamal_Hospital_and_Maternity_Home,India,20.8108512,75.7662705,0
Aastha_Intensive_Care_Centre,India,20.8674848,74.7744206,0
Om_Medical_Foundation_and_Research_Centre_Tirupati,India,20.8814387,74.7761311,0
Apurva_Critical_Care,India,20.8955207,74.7622886,0
Arihant_Hospital,India,20.8963066,77.7494585,0
Patil_Accident_Hospital,India,20.901455,74.782303,0
Jawahar_Medical_College,India,20.9036087,74.7559189,0
Akshyadeep_Hospital,India,20.9042201,74.7748979,0
Vatsalya_Nursing_Home,India,20.908462,77.7695066,0
Vimal_Maternity_Home_and_Gajanan_Infertility_Clinic,India,20.9115249,74.7667146,0
Chirantan_Hospital,India,20.9125164,74.7696402,0
Sudha_Health_Care_Pvt._Ltd,India,20.9132534,74.7685139,0
Chc_-_Maroli,India,20.913777,72.832216,0
Sai_Hospital,India,20.9172563,74.781752,0
Dr._Ashish_Masankar,India,20.9207512,77.755937,0
Maher_Hospital,India,20.9245158,74.7769682,0
Dr._Sawai_Maternity_and_Children_Hospital,India,20.9250605,77.7653968,0
Rathi_Hospital,India,20.9255154,77.7524286,0
Shri_Amba_Maternity_and_Surgical_Hospital,India,20.92561,77.7522363,0
Jamthe_Hospital,India,20.9261231,77.7644591,0
Dr._Barabde_Hospital_and_Critical_Care_Unit,India,20.9285946,77.7969757,0
Sanjivani_Hospital,India,20.9311603,73.7772032,0
Dayasagar_Hospital,India,20.9315561,77.7584403,0
Deshmukh_Eye_Hospital_Retina_Care_Centre,India,20.9321531,77.7613832,0
Dr_Murkey_Aayushkam_Balrugnalaya,India,20.9339963,77.7573562,0
Samyukta_Surgical_and_Maternity_Hospital,India,20.9354989,77.7660315,0
Mahaveer_Hospital_and_Medical_Research_Centre,India,20.9372842,77.7616587,0
Agrawal_Maternity_and_Nursing_Home,India,20.9374238,77.7795513,0
S_K_U_M_L_Gandevi_Sarvajanik_Hospital,India,20.9409433,72.9700556,0
Aashirwad_Eye_Hospital_and_Laser_Center,India,20.9413908,72.9386745,0
D_N_Mehta_Sarvajanik_Hospital,India,20.9463302,72.9356918,0
Chc_-_Chikkali,India,20.9467019,72.9520348,0
Amrutlal_Desai_Hospital,India,20.947685,72.9024348,0
Anand_Hosptal,India,20.949916,72.9191071,0
Boob_Nursing_Home,India,20.950076,77.7780358,0
Ajmani_General_and_Maternity_Hospital,India,20.9502428,72.9186492,0
Chaudhary_Hospital,India,20.9515106,77.7646088,0
Bodalia_Hospital,India,20.9536338,72.9378824,0
Dr_Vijay_Agrawal_Eye_Clinic,India,20.9610945,77.7822296,0
Snehagandha_Hospital,India,20.9639721,77.7659498,0
Shat_Ayu_Critical_Care_Polytrauma_Centre_and_Multispeciality_Hospital,India,21.090743,79.065355,0
Shah_Hospital_Maternity_Home_and_Urology_Clinic,India,21.0970339,77.0504034,0
Mahatme_Eye_Bank_Eye_Hospital,India,21.1017293,79.0666241,0
Maxcare_Hospital,India,21.1044389,79.0743915,0
Mother_and_Child_Care_Hospital,India,21.1049167,79.1438675,0
Keshav_Hospital,India,21.1060133,79.1122951,0
Cure_It_Hospital_Pvt.Ltd,India,21.1070756,79.1379196,0
Jasleen_Eye_Hospital_-_Nagpur,India,21.1092205,79.0697156,0
Arogyam_Superspeciality_Hospital,India,21.1106464,79.0692265,0
Kothari_Hospital,India,21.1126271,79.0654828,0
G.T._Memorial_Hospital_and_Icu,India,21.113647,79.0667616,0
Arogya_Deep_Hospital,India,21.113912,79.058124,0
Akruti_Hospital,India,21.1157157,79.0313659,0
G._T._Padole_Hospital,India,21.1162876,79.0375658,0
Desai_Children_And_Surgical_Hospital,India,21.1169214,79.0700774,0
Kalptaru_Maternity_and_Surgical_Nursing_Home,India,21.1169805,79.0541319,0
Dharmadhikari_Hospital,India,21.1172255,79.0718363,0
Dr_V_E_Tambe_Critical_Care_Unit,India,21.1174117,79.0718879,0
Dhawale_Hospital,India,21.1176314,79.0715031,0
Dr._Sohoni_Maternity_Home_And_Infertility_Clinic,India,21.1179053,79.0666241,0
Shushrusha_Ortho_and_Spine_Care_Hospital,India,21.1189474,79.0727106,0
Muktai_Nursing_Home,India,21.120143,79.1125135,0
Ankit_Nirsing_Home,India,21.1228115,79.0625156,0
Avanti_Institute_Of_Cardiology,India,21.1230585,79.0574637,0
Shree_Hospitals_and_Critical_Care_Centre,India,21.1231683,79.1201093,0
Metro_City_Hospital,India,21.1251997,79.1130272,0
Shantiniletan_Nursing_Home,India,21.125957,79.055013,0
Central_India_Institute_Of_Medical_Sciences,India,21.12618,79.061704,0
Eye_Infirmary_And_Laser_Centre,India,21.1265359,79.064102,0
Dr_Gaikwad_Critical_Care_Center_Private_Limited,India,21.1284924,79.11331,0
Cph_Centre_Point_Hospital_and_Medical_Research_Institute_Pvt._Ltd.,India,21.1312503,79.0975962,0
Ketki_Nursing_Home_And_Urology_Hospital,India,21.1312759,79.0800402,0
Krims_Apollo_Hospital,India,21.1318185,79.0683041,0
Dadasaheb_Lanjewar_Hospital,India,21.1322929,79.0773139,0
Kurvey_Hospital,India,21.1323737,79.1130618,0
Wockhardt_Heart_Hospital,India,21.1325186,79.0540303,0
Deole_Nusing_Home,India,21.13274,79.1026315,0
Ketki_Research_Institute_Of_Medical_Sciences_Ltd.Krims_Hospital,India,21.132815,79.070385,0
Dr._Baraskar_Multispeciality_Hospital_And_Dialysis,India,21.1328365,79.0710843,0
Meditrina_Institute_Of_Medical_Sciences,India,21.132927,79.0713579,0
Sneh_Nursing_Home,India,21.133033,79.071022,0
Neeti_Clinics_and_Nursing_Home,India,21.133218,79.0726152,0
Rajan_New_Born_Care_Unit,India,21.133301,79.0724966,0
Ganju_Haematology_Clinic_and_Hospital,India,21.133981,79.0755613,0
Marathe_Child_Care_Hospital,India,21.1341427,79.0741423,0
Rnh_Hospital,India,21.1343323,79.0809789,0
Avantika_Hospital,India,21.1346751,79.0770142,0
Golhar_Nursing_Home,India,21.1346806,79.0774456,0
Chaturvedi_Surgical_Hospital,India,21.1346883,79.0770544,0
Dr._S_M_Patil_Medical_Nursing_Home,India,21.1347295,79.0756861,0
Shanta_Spine_Institute,India,21.134959,79.0757714,0
Asha_Bhavan_Nurshing_Home,India,21.1351745,79.1061609,0
Geeta_Prem_Nursing_Home,India,21.1352411,79.1324099,0
Evista_Eye_Care_Centre,India,21.1354284,79.0817265,0
Anjani_Eye_Hospital,India,21.1355004,79.0770625,0
Crescent_Nursing_Home_and_Iccu,India,21.1355197,79.0819749,0
Diabetes_Care_and_Research_Centre,India,21.1356319,79.0706844,0
Central_Neurological_Institute,India,21.1357261,79.0689217,0
Indrayani_Speciality_Hospital,India,21.1358315,79.0764793,0
Kamal_Institute_Of_Andro-Urology,India,21.1359884,79.0676833,0
Samadhan_HospitalAyurved_Panchakarma_Hospital_And_Research_Centre,India,21.1365948,79.1167483,0
Vantika_Hospital,India,21.136708,79.070975,0
Zenith_Hospital,India,21.1368855,79.0655566,0
Gandhi_Hospital,India,21.1374175,79.0790442,0
Sawarbandhe_Multispeciality_Hospital,India,21.1388465,79.0773144,0
Chaitanya_Maternity_Home_and_Endoscopy_Center,India,21.1391038,79.0603517,0
Patil_Hospital,India,21.1393425,79.1040502,0
Surgicare_Clinic,India,21.1397082,79.0631071,0
Sankalp_Maternity_Hospital,India,21.13982,79.059308,0
Dr_Kg_Deshpande_Memorial_Centre,India,21.1404647,79.0582614,0
Central_India_Cancer_Research_Institute,India,21.1405719,79.060432,0
Deshpande_Nursing_Home,India,21.1414848,79.0793786,0
Om_Surgical_Hospital_And_Trauma_Centre,India,21.1428126,79.0610504,0
Sawarkar_Multi_Speciality_Hospital,India,21.1433091,79.1068667,0
Matru_Sewa_Sangh,India,21.143775,79.105022,0
Dr._Mangala_Ketkar,India,21.1453998,79.0831649,0
Ajit_Clinic,India,21.1458004,79.0881546,0
Sengupta_Hospital_And_Research_Institute,India,21.1471661,79.0593234,0
Thakkar_Nursing_Home,India,21.1473749,79.1415498,0
Chandak_Nursing_Home,India,21.1477276,79.0842765,0
Shri_Radhakrishna_Hospital_And_Research_Institute,India,21.148059,79.1432428,0
Dr_Choubeys_East_End_Hospital,India,21.1480606,79.136747,0
Madan_Mahal_Hospital,India,21.1489395,79.1165623,0
Vyas_Hospital,India,21.1503884,79.1026315,0
Tikhile_Maternity_And_Nursing_Home,India,21.1505513,79.1476061,0
Sinha_Hospital,India,21.1528765,79.0729793,0
Hatwar_Nursing_Home,India,21.1529277,79.0194777,0
Baheti_Hospital,India,21.1533573,79.1096031,0
CGHS_Dispensary_No.4,India,21.1538784,79.1111018,0
Hadi_Children_Hospital,India,21.1557221,79.0941604,0
Khidmat_Hospital,India,21.157998,79.130612,0
Taj_Nursing_Home,India,21.160784,79.1228703,0
Naidu_Hospital,India,21.1632814,79.0853108,0
Sahayog_Hospital,India,21.1639455,79.6524911,0
Zaveri_Nursing_Home,India,21.1673769,79.108903,0
CGHS_Dispensary_No.2,India,21.1679049,79.0542289,0
CGHS_Dispensary_No.3,India,21.1693074,79.1086559,0
Pioneer_Nursing_Home,India,21.1695216,79.0794376,0
Ajinkya_Maternity_And_Surgical_Nursing_Home,India,21.1699212,79.1010513,0
Shivleela_Maternity_And_Nursing_Home,India,21.1706297,79.0987453,0
Prestos_Madan_Multispeciality_Hospital,India,21.1725725,79.0998481,0
Dalal_Nursing_Home,India,21.173473,79.082858,0
Shubham_Nursing_Home,India,21.174205,79.0574405,0
Kukde_Nursing_Home,India,21.1750113,79.6558242,0
Shubham_Diabetic_and_Medical_Centre,India,21.1760503,79.0512505,0
Aharnish_Hospital,India,21.178543,79.1082994,0
G_Kumar_Arogyadham_Ayurved_Panchkarm_Hospital_And_Research_Institute,India,21.1813511,79.0879895,0
Janta_Maternity_Home_And_Hospital_-_Nagpur,India,21.1820557,79.0859952,0
Kunal_Critical_Care_and_Research_Center_Private_Limited,India,21.1826476,79.0794256,0
Ambade_Eye_Hospital,India,21.1838991,79.1170673,0
Medicare_Multi_Speciality_Hospital,India,21.1851265,79.0793183,0
Awadh_Clinic_and_Nursing_Home,India,21.1858034,79.0705042,0
Ravi_Surgical_And_Laparoscopic_Centre_Pvt_Ltd,India,21.2157246,79.1985024,0
Sanmati_Hopital,India,21.2170056,76.2169594,0
Prabhat_Hospital,India,21.2185126,79.1980557,0
Mehta_Hospital_and_Sonography_Centre,India,21.2202295,79.181271,0
Pranjal_Nursing_Home,India,21.2275312,79.1900834,0
Samruddhi_Hospital,India,21.2361556,76.0398734,0
Meghare_Nursing_Home,India,21.2382943,79.6461755,0
Rawat_Accident_Hospital,India,21.2779007,77.5242089,0
Bardia_Hospital,India,21.2870946,77.5195729,0
Thakare_Bal_Rugnalya_Hospital,India,21.2872282,77.5175348,0
Mujumdar_Eye_Hospital,India,21.3189136,76.2461126,0
Agrawal_FractureAccident_And_Physiotherapy_Centre,India,21.3193875,76.2224273,0
Sai_Siddhi_Hospital,India,21.321488,76.2130409,0
Kochar_Nursing_Home,India,21.3808404,79.7455956,0
Bhure_Maternity_and_Children_Hospital,India,21.3810828,79.7461134,0
Shantaram_Ortho_And_Surgical_Hospital,India,21.3928618,79.3268397,0
Matrukrupa_Children_Hospital,India,21.4043024,78.2266094,0
Nepa_Ltd._Hospital,India,21.4532252,76.4215988,0
Nimar_Hospital_and_Research_Centre,India,21.529633,76.8097433,0
